"4,00E-01",1
"4,01E-01",1
"4,02E-01",1
"4,03E-01",1
"4,04E-01",1
"4,05E-01",1
"4,06E-01",1
"4,07E-01",1
"4,08E-01",1
"4,09E-01",1
"4,10E-01",1
"4,11E-01",1
"4,12E-01",1
"4,13E-01",1
"4,14E-01",1
"4,15E-01",1
"4,16E-01",1
"4,17E-01",1
"4,18E-01",1
"4,19E-01",1
"4,20E-01",1
"4,21E-01",1
"4,22E-01",1
"4,23E-01",1
"4,24E-01",1
"4,25E-01",1
"4,26E-01",1
"4,27E-01",1
"4,28E-01",1
"4,29E-01",1
"4,30E-01",1
"4,31E-01",1
"4,32E-01",1
"4,33E-01",1
"4,34E-01",1
"4,35E-01",1
"4,36E-01",1
"4,37E-01",1
"4,38E-01",1
"4,39E-01",1
"4,40E-01",1
"4,41E-01",1
"4,42E-01",1
"4,43E-01",1
"4,44E-01",1
"4,45E-01",1
"4,46E-01",1
"4,47E-01",1
"4,48E-01",1
"4,49E-01",1
"4,50E-01",1
"4,51E-01",1
"4,52E-01",1
"4,53E-01",1
"4,54E-01",1
"4,55E-01",1
"4,56E-01",1
"4,57E-01",1
"4,58E-01",1
"4,59E-01",1
"4,60E-01",1
"4,61E-01",1
"4,62E-01",1
"4,63E-01",1
"4,64E-01",1
"4,65E-01",1
"4,66E-01",1
"4,67E-01",1
"4,68E-01",1
"4,69E-01",1
"4,70E-01",1
"4,71E-01",1
"4,72E-01",1
"4,73E-01",1
"4,74E-01",1
"4,75E-01",1
"4,76E-01",1
"4,77E-01",1
"4,78E-01",1
"4,79E-01",1
"4,80E-01",1
"4,81E-01",1
"4,82E-01",1
"4,83E-01",1
"4,84E-01",1
"4,85E-01",1
"4,86E-01",1
"4,87E-01",1
"4,88E-01",1
"4,89E-01",1
"4,90E-01",1
"4,91E-01",1
"4,92E-01",1
"4,93E-01",1
"4,94E-01",1
"4,95E-01",1
"4,96E-01",1
"4,97E-01",1
"4,98E-01",1
"4,99E-01",1
"5,00E-01",1
"5,01E-01",1
"5,02E-01",1
"5,03E-01",1
"5,04E-01",1
"5,05E-01",1
"5,06E-01",1
"5,07E-01",1
"5,08E-01",1
"5,09E-01",1
"5,10E-01",1
"5,11E-01",1
"5,12E-01",1
"5,13E-01",1
"5,14E-01",1
"5,15E-01",1
"5,16E-01",1
"5,17E-01",1
"5,18E-01",1
"5,19E-01",1
"5,20E-01",1
"5,21E-01",1
"5,22E-01",1
"5,23E-01",1
"5,24E-01",1
"5,25E-01",1
"5,26E-01",1
"5,27E-01",1
"5,28E-01",1
"5,29E-01",1
"5,30E-01",1
"5,31E-01",1
"5,32E-01",1
"5,33E-01",1
"5,34E-01",1
"5,35E-01",1
"5,36E-01",1
"5,37E-01",1
"5,38E-01",1
"5,39E-01",1
"5,40E-01",1
"5,41E-01",1
"5,42E-01",1
"5,43E-01",1
"5,44E-01",1
"5,45E-01",1
"5,46E-01",1
"5,47E-01",1
"5,48E-01",1
"5,49E-01",1
"5,50E-01",1
"5,51E-01",1
"5,52E-01",1
"5,53E-01",1
"5,54E-01",1
"5,55E-01",1
"5,56E-01",1
"5,57E-01",1
"5,58E-01",1
"5,59E-01",1
"5,60E-01",1
"5,61E-01",1
"5,62E-01",1
"5,63E-01",1
"5,64E-01",1
"5,65E-01",1
"5,66E-01",1
"5,67E-01",1
"5,68E-01",1
"5,69E-01",1
"5,70E-01",1
"5,71E-01",1
"5,72E-01",1
"5,73E-01",1
"5,74E-01",1
"5,75E-01",1
"5,76E-01",1
"5,77E-01",1
"5,78E-01",1
"5,79E-01",1
"5,80E-01",1
"5,81E-01",1
"5,82E-01",1
"5,83E-01",1
"5,84E-01",1
"5,85E-01",1
"5,86E-01",1
"5,87E-01",1
"5,88E-01",1
"5,89E-01",1
"5,90E-01",1
"5,91E-01",1
"5,92E-01",1
"5,93E-01",1
"5,94E-01",1
"5,95E-01",1
"5,96E-01",1
"5,97E-01",1
"5,98E-01",1
"5,99E-01",1
"6,00E-01",1
"6,01E-01",1
"6,02E-01",1
"6,03E-01",1
"6,04E-01",1
"6,05E-01",1
"6,06E-01",1
"6,07E-01",1
"6,08E-01",1
"6,09E-01",1
"6,10E-01",1
"6,11E-01",1
"6,12E-01",1
"6,13E-01",1
"6,14E-01",1
"6,15E-01",1
"6,16E-01",1
"6,17E-01",1
"6,18E-01",1
"6,19E-01",1
"6,20E-01",1
"6,21E-01",1
"6,22E-01",1
"6,23E-01",1
"6,24E-01",1
"6,25E-01",1
"6,26E-01",1
"6,27E-01",1
"6,28E-01",1
"6,29E-01",1
"6,30E-01",1
"6,31E-01",1
"6,32E-01",1
"6,33E-01",1
"6,34E-01",1
"6,35E-01",1
"6,36E-01",1
"6,37E-01",1
"6,38E-01",1
"6,39E-01",1
"6,40E-01",1
"6,41E-01",1
"6,42E-01",1
"6,43E-01",1
"6,44E-01",1
"6,45E-01",1
"6,46E-01",1
"6,47E-01",1
"6,48E-01",1
"6,49E-01",1
"6,50E-01",1
"6,51E-01",1
"6,52E-01",1
"6,53E-01",1
"6,54E-01",1
"6,55E-01",1
"6,56E-01",1
"6,57E-01",1
"6,58E-01",1
"6,59E-01",1
"6,60E-01",1
"6,61E-01",1
"6,62E-01",1
"6,63E-01",1
"6,64E-01",1
"6,65E-01",1
"6,66E-01",1
"6,67E-01",1
"6,68E-01",1
"6,69E-01",1
"6,70E-01",1
"6,71E-01",1
"6,72E-01",1
"6,73E-01",1
"6,74E-01",1
"6,75E-01",1
"6,76E-01",1
"6,77E-01",1
"6,78E-01",1
"6,79E-01",1
"6,80E-01",1
"6,81E-01",1
"6,82E-01",1
"6,83E-01",1
"6,84E-01",1
"6,85E-01",1
"6,86E-01",1
"6,87E-01",1
"6,88E-01",1
"6,89E-01",1
"6,90E-01",1
"6,91E-01",1
"6,92E-01",1
"6,93E-01",1
"6,94E-01",1
"6,95E-01",1
"6,96E-01",1
"6,97E-01",1
"6,98E-01",1
"6,99E-01",1
"7,00E-01",1
"7,01E-01",1
"7,02E-01",1
"7,03E-01",1
"7,04E-01",1
"7,05E-01",1
"7,06E-01",1
"7,07E-01",1
"7,08E-01",1
"7,09E-01",1
"7,10E-01",1
"7,11E-01",1
"7,12E-01",1
"7,13E-01",1
"7,14E-01",1
"7,15E-01",1
"7,16E-01",1
"7,17E-01",1
"7,18E-01",1
"7,19E-01",1
"7,20E-01",1
"7,21E-01",1
"7,22E-01",1
"7,23E-01",1
"7,24E-01",1
"7,25E-01",1
"7,26E-01",1
"7,27E-01",1
"7,28E-01",1
"7,29E-01",1
"7,30E-01",1
"7,31E-01",1
"7,32E-01",1
"7,33E-01",1
"7,34E-01",1
"7,35E-01",1
"7,36E-01",1
"7,37E-01",1
"7,38E-01",1
"7,39E-01",1
"7,40E-01",1
"7,41E-01",1
"7,42E-01",1
"7,43E-01",1
"7,44E-01",1
"7,45E-01",1
"7,46E-01",1
"7,47E-01",1
"7,48E-01",1
"7,49E-01",1
"7,50E-01",1
"7,51E-01",1
"7,52E-01",1
"7,53E-01",1
"7,54E-01",1
"7,55E-01",1
"7,56E-01",1
"7,57E-01",1
"7,58E-01",1
"7,59E-01",1
"7,60E-01",1
"7,61E-01",1
"7,62E-01",1
"7,63E-01",1
"7,64E-01",1
"7,65E-01",1
"7,66E-01",1
"7,67E-01",1
"7,68E-01",1
"7,69E-01",1
"7,70E-01",1
"7,71E-01",1
"7,72E-01",1
"7,73E-01",1
"7,74E-01",1
"7,75E-01",1
"7,76E-01",1
"7,77E-01",1
"7,78E-01",1
"7,79E-01",1
"7,80E-01",1
"7,81E-01",1
"7,82E-01",1
"7,83E-01",1
"7,84E-01",1
"7,85E-01",1
"7,86E-01",1
"7,87E-01",1
"7,88E-01",1
"7,89E-01",1
"7,90E-01",1
"7,91E-01",1
"7,92E-01",1
"7,93E-01",1
"7,94E-01",1
"7,95E-01",1
"7,96E-01",1
"7,97E-01",1
"7,98E-01",1
"7,99E-01",1
"8,00E-01",1
"8,01E-01",1
"8,02E-01",1
"8,03E-01",1
"8,04E-01",1
"8,05E-01",1
"8,06E-01",1
"8,07E-01",1
"8,08E-01",1
"8,09E-01",1
"8,10E-01",1
"8,11E-01",1
"8,12E-01",1
"8,13E-01",1
"8,14E-01",1
"8,15E-01",1
"8,16E-01",1
"8,17E-01",1
"8,18E-01",1
"8,19E-01",1
"8,20E-01",1
"8,21E-01",1
"8,22E-01",1
"8,23E-01",1
"8,24E-01",1
"8,25E-01",1
"8,26E-01",1
"8,27E-01",1
"8,28E-01",1
"8,29E-01",1
"8,30E-01",1
"8,31E-01",1
"8,32E-01",1
"8,33E-01",1
"8,34E-01",1
"8,35E-01",1
"8,36E-01",1
"8,37E-01",1
"8,38E-01",1
"8,39E-01",1
"8,40E-01",1
"8,41E-01",1
"8,42E-01",1
"8,43E-01",1
"8,44E-01",1
"8,45E-01",1
"8,46E-01",1
"8,47E-01",1
"8,48E-01",1
"8,49E-01",1
"8,50E-01",1
"8,51E-01",1
"8,52E-01",1
"8,53E-01",1
"8,54E-01",1
"8,55E-01",1
"8,56E-01",1
"8,57E-01",1
"8,58E-01",1
"8,59E-01",1
"8,60E-01",1
"8,61E-01",1
"8,62E-01",1
"8,63E-01",1
"8,64E-01",1
"8,65E-01",1
"8,66E-01",1
"8,67E-01",1
"8,68E-01",1
"8,69E-01",1
"8,70E-01",1
"8,71E-01",1
"8,72E-01",1
"8,73E-01",1
"8,74E-01",1
"8,75E-01",1
"8,76E-01",1
"8,77E-01",1
"8,78E-01",1
"8,79E-01",1
"8,80E-01",1
"8,81E-01",1
"8,82E-01",1
"8,83E-01",1
"8,84E-01",1
"8,85E-01",1
"8,86E-01",1
"8,87E-01",1
"8,88E-01",1
"8,89E-01",1
"8,90E-01",1
"8,91E-01",1
"8,92E-01",1
"8,93E-01",1
"8,94E-01",1
"8,95E-01",1
"8,96E-01",1
"8,97E-01",1
"8,98E-01",1
"8,99E-01",1
"9,00E-01",1
"9,01E-01",1
"9,02E-01",1
"9,03E-01",1
"9,04E-01",1
"9,05E-01",1
"9,06E-01",1
"9,07E-01",1
"9,08E-01",1
"9,09E-01",1
"9,10E-01",1
"9,11E-01",1
"9,12E-01",1
"9,13E-01",1
"9,14E-01",1
"9,15E-01",1
"9,16E-01",1
"9,17E-01",1
"9,18E-01",1
"9,19E-01",1
"9,20E-01",1
"9,21E-01",1
"9,22E-01",1
"9,23E-01",1
"9,24E-01",1
"9,25E-01",1
"9,26E-01",1
"9,27E-01",1
"9,28E-01",1
"9,29E-01",1
"9,30E-01",1
"9,31E-01",1
"9,32E-01",1
"9,33E-01",1
"9,34E-01",1
"9,35E-01",1
"9,36E-01",1
"9,37E-01",1
"9,38E-01",1
"9,39E-01",1
"9,40E-01",1
"9,41E-01",1
"9,42E-01",1
"9,43E-01",1
"9,44E-01",1
"9,45E-01",1
"9,46E-01",1
"9,47E-01",1
"9,48E-01",1
"9,49E-01",1
"9,50E-01",1
"9,51E-01",1
"9,52E-01",1
"9,53E-01",1
"9,54E-01",1
"9,55E-01",1
"9,56E-01",1
"9,57E-01",1
"9,58E-01",1
"9,59E-01",1
"9,60E-01",1
"9,61E-01",1
"9,62E-01",1
"9,63E-01",1
"9,64E-01",1
"9,65E-01",1
"9,66E-01",1
"9,67E-01",1
"9,68E-01",1
"9,69E-01",1
"9,70E-01",1
"9,71E-01",1
"9,72E-01",1
"9,73E-01",1
"9,74E-01",1
"9,75E-01",1
"9,76E-01",1
"9,77E-01",1
"9,78E-01",1
"9,79E-01",1
"9,80E-01",1
"9,81E-01",1
"9,82E-01",1
"9,83E-01",1
"9,84E-01",1
"9,85E-01",1
"9,86E-01",1
"9,87E-01",1
"9,88E-01",1
"9,89E-01",1
"9,90E-01",1
"9,91E-01",1
"9,92E-01",1
"9,93E-01",1
"9,94E-01",1
"9,95E-01",1
"9,96E-01",1
"9,97E-01",1
"9,98E-01",1
"9,99E-01",1
"1,00E+00",1
"1,00E+00",1
"1,00E+00",1
"1,00E+00",1
"1,00E+00",1
"1,01E+00",1
"1,01E+00",1
"1,01E+00",1
"1,01E+00",1
"1,01E+00",1
"1,01E+00",1
"1,01E+00",1
"1,01E+00",1
"1,01E+00",1
"1,01E+00",1
"1,02E+00",1
"1,02E+00",1
"1,02E+00",1
"1,02E+00",1
"1,02E+00",1
"1,02E+00",1
"1,02E+00",1
"1,02E+00",1
"1,02E+00",1
"1,02E+00",1
"1,03E+00",1
"1,03E+00",1
"1,03E+00",1
"1,03E+00",1
"1,03E+00",1
"1,03E+00",1
"1,03E+00",1
"1,03E+00",1
"1,03E+00",1
"1,03E+00",1
"1,04E+00",1
"1,04E+00",1
"1,04E+00",1
"1,04E+00",1
"1,04E+00",1
"1,04E+00",1
"1,04E+00",1
"1,04E+00",1
"1,04E+00",1
"1,04E+00",1
"1,05E+00",1
"1,05E+00",1
"1,05E+00",1
"1,05E+00",1
"1,05E+00",1
"1,05E+00",1
"1,05E+00",1
"1,05E+00",1
"1,05E+00",1
"1,05E+00",1
"1,06E+00",1
"1,06E+00",1
"1,06E+00",1
"1,06E+00",1
"1,06E+00",1
"1,06E+00",1
"1,06E+00",1
"1,06E+00",1
"1,06E+00",1
"1,06E+00",1
"1,07E+00",1
"1,07E+00",1
"1,07E+00",1
"1,07E+00",1
"1,07E+00",1
"1,07E+00",1
"1,07E+00",1
"1,07E+00",1
"1,07E+00",1
"1,07E+00",1
"1,08E+00",1
"1,08E+00",1
"1,08E+00",1
"1,08E+00",1
"1,08E+00",1
"1,08E+00",1
"1,08E+00",1
"1,08E+00",1
"1,08E+00",1
"1,08E+00",1
"1,09E+00",1
"1,09E+00",1
"1,09E+00",1
"1,09E+00",1
"1,09E+00",1
"1,09E+00",1
"1,09E+00",1
"1,09E+00",1
"1,09E+00",1
"1,09E+00",1
"1,10E+00",1
"1,10E+00",1
"1,10E+00",1
"1,10E+00",1
"1,10E+00",1
"1,10E+00",1
"1,10E+00",1
"1,10E+00",1
"1,10E+00",1
"1,10E+00",1
"1,11E+00",1
"1,11E+00",1
"1,11E+00",1
"1,11E+00",1
"1,11E+00",1
"1,11E+00",1
"1,11E+00",1
"1,11E+00",1
"1,11E+00",1
"1,11E+00",1
"1,12E+00",1
"1,12E+00",1
"1,12E+00",1
"1,12E+00",1
"1,12E+00",1
"1,12E+00",1
"1,12E+00",1
"1,12E+00",1
"1,12E+00",1
"1,12E+00",1
"1,13E+00",1
"1,13E+00",1
"1,13E+00",1
"1,13E+00",1
"1,13E+00",1
"1,13E+00",1
"1,13E+00",1
"1,13E+00",1
"1,13E+00",1
"1,13E+00",1
"1,14E+00",1
"1,14E+00",1
"1,14E+00",1
"1,14E+00",1
"1,14E+00",1
"1,14E+00",1
"1,14E+00",1
"1,14E+00",1
"1,14E+00",1
"1,14E+00",1
"1,15E+00",1
"1,15E+00",1
"1,15E+00",1
"1,15E+00",1
"1,15E+00",1
"1,15E+00",1
"1,15E+00",1
"1,15E+00",1
"1,15E+00",1
"1,15E+00",1
"1,16E+00",1
"1,16E+00",1
"1,16E+00",1
"1,16E+00",1
"1,16E+00",1
"1,16E+00",1
"1,16E+00",1
"1,16E+00",1
"1,16E+00",1
"1,16E+00",1
"1,17E+00",1
"1,17E+00",1
"1,17E+00",1
"1,17E+00",1
"1,17E+00",1
"1,17E+00",1
"1,17E+00",1
"1,17E+00",1
"1,17E+00",1
"1,17E+00",1
"1,18E+00",1
"1,18E+00",1
"1,18E+00",1
"1,18E+00",1
"1,18E+00",1
"1,18E+00",1
"1,18E+00",1
"1,18E+00",1
"1,18E+00",1
"1,18E+00",1
"1,19E+00",1
"1,19E+00",1
"1,19E+00",1
"1,19E+00",1
"1,19E+00",1
"1,19E+00",1
"1,19E+00",1
"1,19E+00",1
"1,19E+00",1
"1,19E+00",1
"1,20E+00",1
"1,20E+00",1
"1,20E+00",1
"1,20E+00",1
"1,20E+00",1
"1,20E+00",1
"1,20E+00",1
"1,20E+00",1
"1,20E+00",1
"1,20E+00",1
"1,21E+00",1
"1,21E+00",1
"1,21E+00",1
"1,21E+00",1
"1,21E+00",1
"1,21E+00",1
"1,21E+00",1
"1,21E+00",1
"1,21E+00",1
"1,21E+00",1
"1,22E+00",1
"1,22E+00",1
"1,22E+00",1
"1,22E+00",1
"1,22E+00",1
"1,22E+00",1
"1,22E+00",1
"1,22E+00",1
"1,22E+00",1
"1,22E+00",1
"1,23E+00",1
"1,23E+00",1
"1,23E+00",1
"1,23E+00",1
"1,23E+00",1
"1,23E+00",1
"1,23E+00",1
"1,23E+00",1
"1,23E+00",1
"1,23E+00",1
"1,24E+00",1
"1,24E+00",1
"1,24E+00",1
"1,24E+00",1
"1,24E+00",1
"1,24E+00",1
"1,24E+00",1
"1,24E+00",1
"1,24E+00",1
"1,24E+00",1
"1,25E+00",1
"1,25E+00",1
"1,25E+00",1
"1,25E+00",1
"1,25E+00",1
"1,25E+00",1
"1,25E+00",1
"1,25E+00",1
"1,25E+00",1
"1,25E+00",1
"1,26E+00",1
"1,26E+00",1
"1,26E+00",1
"1,26E+00",1
"1,26E+00",1
"1,26E+00",1
"1,26E+00",1
"1,26E+00",1
"1,26E+00",1
"1,26E+00",1
"1,27E+00",1
"1,27E+00",1
"1,27E+00",1
"1,27E+00",1
"1,27E+00",1
"1,27E+00",1
"1,27E+00",1
"1,27E+00",1
"1,27E+00",1
"1,27E+00",1
"1,28E+00",1
"1,28E+00",1
"1,28E+00",1
"1,28E+00",1
"1,28E+00",1
"1,28E+00",1
"1,28E+00",1
"1,28E+00",1
"1,28E+00",1
"1,28E+00",1
"1,29E+00",1
"1,29E+00",1
"1,29E+00",1
"1,29E+00",1
"1,29E+00",1
"1,29E+00",1
"1,29E+00",1
"1,29E+00",1
"1,29E+00",1
"1,29E+00",1
"1,30E+00",1
"1,30E+00",1
"1,30E+00",1
"1,30E+00",1
"1,30E+00",1
"1,30E+00",1
"1,30E+00",1
"1,30E+00",1
"1,30E+00",1
"1,30E+00",1
"1,31E+00",1
"1,31E+00",1
"1,31E+00",1
"1,31E+00",1
"1,31E+00",1
"1,31E+00",1
"1,31E+00",1
"1,31E+00",1
"1,31E+00",1
"1,31E+00",1
"1,32E+00",1
"1,32E+00",1
"1,32E+00",1
"1,32E+00",1
"1,32E+00",1
"1,32E+00",1
"1,32E+00",1
"1,32E+00",1
"1,32E+00",1
"1,32E+00",1
"1,33E+00",1
"1,33E+00",1
"1,33E+00",1
"1,33E+00",1
"1,33E+00",1
"1,33E+00",1
"1,33E+00",1
"1,33E+00",1
"1,33E+00",1
"1,33E+00",1
"1,34E+00",1
"1,34E+00",1
"1,34E+00",1
"1,34E+00",1
"1,34E+00",1
"1,34E+00",1
"1,34E+00",1
"1,34E+00",1
"1,34E+00",1
"1,34E+00",1
"1,35E+00",1
"1,35E+00",1
"1,35E+00",1
"1,35E+00",1
"1,35E+00",1
"1,35E+00",1
"1,35E+00",1
"1,35E+00",1
"1,35E+00",1
"1,35E+00",1
"1,36E+00",1
"1,36E+00",1
"1,36E+00",1
"1,36E+00",1
"1,36E+00",1
"1,36E+00",1
"1,36E+00",1
"1,36E+00",1
"1,36E+00",1
"1,36E+00",1
"1,37E+00",1
"1,37E+00",1
"1,37E+00",1
"1,37E+00",1
"1,37E+00",1
"1,37E+00",1
"1,37E+00",1
"1,37E+00",1
"1,37E+00",1
"1,37E+00",1
"1,38E+00",1
"1,38E+00",1
"1,38E+00",1
"1,38E+00",1
"1,38E+00",1
"1,38E+00",1
"1,38E+00",1
"1,38E+00",1
"1,38E+00",1
"1,38E+00",1
"1,39E+00",1
"1,39E+00",1
"1,39E+00",1
"1,39E+00",1
"1,39E+00",1
"1,39E+00",1
"1,39E+00",1
"1,39E+00",1
"1,39E+00",1
"1,39E+00",1
"1,40E+00",1
"1,40E+00",1
"1,40E+00",1
"1,40E+00",1
"1,40E+00",1
"1,40E+00",1
"1,40E+00",1
"1,40E+00",1
"1,40E+00",1
"1,40E+00",1
"1,41E+00",1
"1,41E+00",1
"1,41E+00",1
"1,41E+00",1
"1,41E+00",1
"1,41E+00",1
"1,41E+00",1
"1,41E+00",1
"1,41E+00",1
"1,41E+00",1
"1,42E+00",1
"1,42E+00",1
"1,42E+00",1
"1,42E+00",1
"1,42E+00",1
"1,42E+00",1
"1,42E+00",1
"1,42E+00",1
"1,42E+00",1
"1,42E+00",1
"1,43E+00",1
"1,43E+00",1
"1,43E+00",1
"1,43E+00",1
"1,43E+00",1
"1,43E+00",1
"1,43E+00",1
"1,43E+00",1
"1,43E+00",1
"1,43E+00",1
"1,44E+00",1
"1,44E+00",1
"1,44E+00",1
"1,44E+00",1
"1,44E+00",1
"1,44E+00",1
"1,44E+00",1
"1,44E+00",1
"1,44E+00",1
"1,44E+00",1
"1,45E+00",1
"1,45E+00",1
"1,45E+00",1
"1,45E+00",1
"1,45E+00",1
"1,45E+00",1
"1,45E+00",1
"1,45E+00",1
"1,45E+00",1
"1,45E+00",1
"1,46E+00",1
"1,46E+00",1
"1,46E+00",1
"1,46E+00",1
"1,46E+00",1
"1,46E+00",1
"1,46E+00",1
"1,46E+00",1
"1,46E+00",1
"1,46E+00",1
"1,47E+00",1
"1,47E+00",1
"1,47E+00",1
"1,47E+00",1
"1,47E+00",1
"1,47E+00",1
"1,47E+00",1
"1,47E+00",1
"1,47E+00",1
"1,47E+00",1
"1,48E+00",1
"1,48E+00",1
"1,48E+00",1
"1,48E+00",1
"1,48E+00",1
"1,48E+00",1
"1,48E+00",1
"1,48E+00",1
"1,48E+00",1
"1,48E+00",1
"1,49E+00",1
"1,49E+00",1
"1,49E+00",1
"1,49E+00",1
"1,49E+00",1
"1,49E+00",1
"1,49E+00",1
"1,49E+00",1
"1,49E+00",1
"1,49E+00",1
"1,50E+00",1
"1,50E+00",1
"1,50E+00",1
"1,50E+00",1
"1,50E+00",1
"1,50E+00",1
"1,50E+00",1
"1,50E+00",1
"1,50E+00",1
"1,50E+00",1
"1,51E+00",1
"1,51E+00",1
"1,51E+00",1
"1,51E+00",1
"1,51E+00",1
"1,51E+00",1
"1,51E+00",1
"1,51E+00",1
"1,51E+00",1
"1,51E+00",1
"1,52E+00",1
"1,52E+00",1
"1,52E+00",1
"1,52E+00",1
"1,52E+00",1
"1,52E+00",1
"1,52E+00",1
"1,52E+00",1
"1,52E+00",1
"1,52E+00",1
"1,53E+00",1
"1,53E+00",1
"1,53E+00",1
"1,53E+00",1
"1,53E+00",1
"1,53E+00",1
"1,53E+00",1
"1,53E+00",1
"1,53E+00",1
"1,53E+00",1
"1,54E+00",1
"1,54E+00",1
"1,54E+00",1
"1,54E+00",1
"1,54E+00",1
"1,54E+00",1
"1,54E+00",1
"1,54E+00",1
"1,54E+00",1
"1,54E+00",1
"1,55E+00",1
"1,55E+00",1
"1,55E+00",1
"1,55E+00",1
"1,55E+00",1
"1,55E+00",1
"1,55E+00",1
"1,55E+00",1
"1,55E+00",1
"1,55E+00",1
"1,56E+00",1
"1,56E+00",1
"1,56E+00",1
"1,56E+00",1
"1,56E+00",1
"1,56E+00",1
"1,56E+00",1
"1,56E+00",1
"1,56E+00",1
"1,56E+00",1
"1,57E+00",1
"1,57E+00",1
"1,57E+00",1
"1,57E+00",1
"1,57E+00",1
"1,57E+00",1
"1,57E+00",1
"1,57E+00",1
"1,57E+00",1
"1,57E+00",1
"1,58E+00",1
"1,58E+00",1
"1,58E+00",1
"1,58E+00",1
"1,58E+00",1
"1,58E+00",1
"1,58E+00",1
"1,58E+00",1
"1,58E+00",1
"1,58E+00",1
"1,59E+00",1
"1,59E+00",1
"1,59E+00",1
"1,59E+00",1
"1,59E+00",1
"1,59E+00",1
"1,59E+00",1
"1,59E+00",1
"1,59E+00",1
"1,59E+00",1
"1,60E+00",1
"1,60E+00",1
"1,60E+00",1
"1,60E+00",1
"1,60E+00",1
"1,60E+00",1
"1,60E+00",1
"1,60E+00",1
"1,60E+00",1
"1,60E+00",1
"1,61E+00",1
"1,61E+00",1
"1,61E+00",1
"1,61E+00",1
"1,61E+00",1
"1,61E+00",1
"1,61E+00",1
"1,61E+00",1
"1,61E+00",1
"1,61E+00",1
"1,62E+00",1
"1,62E+00",1
"1,62E+00","0,9998"
"1,62E+00","0,9997"
"1,62E+00","0,9996"
"1,62E+00","0,9997"
"1,62E+00","0,9989"
"1,62E+00","0,999"
"1,62E+00","0,999"
"1,62E+00","0,9979"
"1,63E+00","0,9993"
"1,63E+00","0,997"
"1,63E+00","0,9981"
"1,63E+00","0,9959"
"1,63E+00","0,9979"
"1,63E+00","0,9961"
"1,63E+00","0,994"
"1,63E+00","0,9976"
"1,63E+00","0,9904"
"1,63E+00","0,9968"
"1,64E+00","0,99"
"1,64E+00","0,9916"
"1,64E+00","0,9924"
"1,64E+00","0,9833"
"1,64E+00","0,9981"
"1,64E+00","0,9817"
"1,64E+00","0,989"
"1,64E+00","0,9959"
"1,64E+00","0,9715"
"1,64E+00","0,999"
"1,65E+00","0,9798"
"1,65E+00","0,9743"
"1,65E+00","0,999"
"1,65E+00","0,9753"
"1,65E+00","0,9877"
"1,65E+00","0,9962"
"1,65E+00","0,9602"
"1,65E+00","0,9986"
"1,65E+00","0,9906"
"1,65E+00","0,9775"
"1,66E+00","0,9962"
"1,66E+00","0,9888"
"1,66E+00","0,9921"
"1,66E+00","0,9996"
"1,66E+00","0,9956"
"1,66E+00","0,9962"
"1,66E+00","0,9994"
"1,66E+00","0,9942"
"1,66E+00","0,9975"
"1,66E+00","0,9994"
"1,67E+00","0,9625"
"1,67E+00","0,8954"
"1,67E+00","0,9683"
"1,67E+00","0,9902"
"1,67E+00","0,9967"
"1,67E+00","0,998"
"1,67E+00","0,9953"
"1,67E+00","0,9972"
"1,67E+00","0,9991"
"1,67E+00","0,9916"
"1,68E+00","0,9925"
"1,68E+00","0,9997"
"1,68E+00","0,9909"
"1,68E+00","0,9879"
"1,68E+00","0,9995"
"1,68E+00","0,9951"
"1,68E+00","0,9885"
"1,68E+00","0,9984"
"1,68E+00","0,999"
"1,68E+00","0,9772"
"1,69E+00","0,9971"
"1,69E+00","0,9986"
"1,69E+00","0,9873"
"1,69E+00","0,9938"
"1,69E+00","0,9977"
"1,69E+00","0,9939"
"1,69E+00","0,9906"
"1,69E+00","0,9954"
"1,69E+00","0,9976"
"1,69E+00","0,9878"
"1,70E+00","0,9955"
"1,70E+00","0,9989"
"1,70E+00","0,9912"
"1,70E+00","0,9935"
"1,70E+00","0,997"
"1,70E+00","0,9928"
"1,70E+00","0,9932"
"1,70E+00","0,9929"
"1,70E+00","0,9896"
"1,70E+00","0,9922"
"1,71E+00","0,9896"
"1,71E+00","0,9892"
"1,71E+00","0,9883"
"1,71E+00","0,9867"
"1,71E+00","0,9909"
"1,71E+00","0,9928"
"1,71E+00","0,994"
"1,71E+00","0,996"
"1,71E+00","0,9957"
"1,71E+00","0,9951"
"1,72E+00","0,9973"
"1,72E+00","0,9987"
"1,72E+00","0,9971"
"1,72E+00","0,9981"
"1,72E+00","0,9978"
"1,72E+00","0,9964"
"1,72E+00","0,9948"
"1,72E+00","0,9926"
"1,72E+00","0,9897"
"1,72E+00","0,9925"
"1,73E+00","0,9921"
"1,73E+00","0,9911"
"1,73E+00","0,9899"
"1,73E+00","0,9921"
"1,73E+00","0,9925"
"1,73E+00","0,9948"
"1,73E+00","0,9905"
"1,73E+00","0,994"
"1,73E+00","0,997"
"1,73E+00","0,9966"
"1,74E+00","0,994"
"1,74E+00","0,9959"
"1,74E+00","0,9981"
"1,74E+00","0,9954"
"1,74E+00","0,9968"
"1,74E+00","0,9958"
"1,74E+00","0,9985"
"1,74E+00","0,9969"
"1,74E+00","0,9984"
"1,74E+00","0,9983"
"1,75E+00","0,9979"
"1,75E+00","0,9966"
"1,75E+00","0,9988"
"1,75E+00","0,999"
"1,75E+00","0,9982"
"1,75E+00","0,998"
"1,75E+00","0,9991"
"1,75E+00","0,9993"
"1,75E+00","0,9994"
"1,75E+00","0,9982"
"1,76E+00","0,9982"
"1,76E+00","0,9994"
"1,76E+00",1
"1,76E+00","0,9994"
"1,76E+00","0,9988"
"1,76E+00","0,999"
"1,76E+00","0,9987"
"1,76E+00","0,9985"
"1,76E+00","0,9984"
"1,76E+00","0,9978"
"1,77E+00","0,9981"
"1,77E+00","0,9966"
"1,77E+00","0,9988"
"1,77E+00","0,9952"
"1,77E+00","0,9974"
"1,77E+00","0,9971"
"1,77E+00","0,9963"
"1,77E+00","0,9952"
"1,77E+00","0,9969"
"1,77E+00","0,9966"
"1,78E+00","0,9909"
"1,78E+00","0,9954"
"1,78E+00","0,9964"
"1,78E+00","0,9937"
"1,78E+00","0,998"
"1,78E+00","0,9984"
"1,78E+00","0,9973"
"1,78E+00","0,9993"
"1,78E+00","0,998"
"1,78E+00","0,9969"
"1,79E+00","0,9959"
"1,79E+00","0,9975"
"1,79E+00","0,9975"
"1,79E+00","0,9981"
"1,79E+00","0,9979"
"1,79E+00","0,9867"
"1,79E+00","0,9858"
"1,79E+00","0,9922"
"1,79E+00","0,9944"
"1,79E+00","0,9964"
"1,80E+00","0,9988"
"1,80E+00","0,9979"
"1,80E+00","0,9991"
"1,80E+00","0,9997"
"1,80E+00","0,9984"
"1,80E+00","0,9959"
"1,80E+00",1
"1,80E+00","0,9998"
"1,80E+00","0,9947"
"1,80E+00","0,999"
"1,81E+00","0,9997"
"1,81E+00","0,9989"
"1,81E+00","0,9968"
"1,81E+00","0,9986"
"1,81E+00","0,9996"
"1,81E+00","0,9954"
"1,81E+00","0,9975"
"1,81E+00","0,9993"
"1,81E+00","0,9984"
"1,81E+00","0,9958"
"1,82E+00","0,9993"
"1,82E+00","0,9998"
"1,82E+00","0,9996"
"1,82E+00","0,9993"
"1,82E+00",1
"1,82E+00",1
"1,82E+00",1
"1,82E+00",1
"1,82E+00",1
"1,82E+00",1
"1,83E+00",1
"1,83E+00",1
"1,83E+00",1
"1,83E+00",1
"1,83E+00",1
"1,83E+00",1
"1,83E+00",1
"1,83E+00",1
"1,83E+00",1
"1,83E+00",1
"1,84E+00",1
"1,84E+00",1
"1,84E+00",1
"1,84E+00",1
"1,84E+00",1
"1,84E+00",1
"1,84E+00",1
"1,84E+00",1
"1,84E+00",1
"1,84E+00",1
"1,85E+00",1
"1,85E+00",1
"1,85E+00",1
"1,85E+00",1
"1,85E+00",1
"1,85E+00",1
"1,85E+00",1
"1,85E+00",1
"1,85E+00",1
"1,85E+00",1
"1,86E+00",1
"1,86E+00",1
"1,86E+00",1
"1,86E+00",1
"1,86E+00",1
"1,86E+00",1
"1,86E+00",1
"1,86E+00",1
"1,86E+00",1
"1,86E+00",1
"1,87E+00",1
"1,87E+00",1
"1,87E+00",1
"1,87E+00",1
"1,87E+00",1
"1,87E+00",1
"1,87E+00",1
"1,87E+00",1
"1,87E+00",1
"1,87E+00",1
"1,88E+00",1
"1,88E+00",1
"1,88E+00",1
"1,88E+00",1
"1,88E+00",1
"1,88E+00",1
"1,88E+00",1
"1,88E+00",1
"1,88E+00",1
"1,88E+00",1
"1,89E+00",1
"1,89E+00",1
"1,89E+00",1
"1,89E+00",1
"1,89E+00",1
"1,89E+00",1
"1,89E+00",1
"1,89E+00",1
"1,89E+00",1
"1,89E+00",1
"1,90E+00",1
"1,90E+00",1
"1,90E+00",1
"1,90E+00",1
"1,90E+00",1
"1,90E+00",1
"1,90E+00",1
"1,90E+00",1
"1,90E+00",1
"1,90E+00",1
"1,91E+00",1
"1,91E+00",1
"1,91E+00",1
"1,91E+00",1
"1,91E+00",1
"1,91E+00",1
"1,91E+00",1
"1,91E+00",1
"1,91E+00",1
"1,91E+00",1
"1,92E+00",1
"1,92E+00",1
"1,92E+00",1
"1,92E+00",1
"1,92E+00",1
"1,92E+00",1
"1,92E+00",1
"1,92E+00",1
"1,92E+00",1
"1,92E+00",1
"1,93E+00",1
"1,93E+00",1
"1,93E+00",1
"1,93E+00",1
"1,93E+00",1
"1,93E+00",1
"1,93E+00",1
"1,93E+00",1
"1,93E+00",1
"1,93E+00",1
"1,94E+00",1
"1,94E+00",1
"1,94E+00",1
"1,94E+00",1
"1,94E+00",1
"1,94E+00",1
"1,94E+00",1
"1,94E+00",1
"1,94E+00",1
"1,94E+00",1
"1,95E+00",1
"1,95E+00",1
"1,95E+00",1
"1,95E+00",1
"1,95E+00",1
"1,95E+00",1
"1,95E+00",1
"1,95E+00",1
"1,95E+00",1
"1,95E+00",1
"1,96E+00",1
"1,96E+00",1
"1,96E+00",1
"1,96E+00",1
"1,96E+00",1
"1,96E+00",1
"1,96E+00",1
"1,96E+00",1
"1,96E+00",1
"1,96E+00",1
"1,97E+00",1
"1,97E+00",1
"1,97E+00",1
"1,97E+00",1
"1,97E+00",1
"1,97E+00",1
"1,97E+00",1
"1,97E+00",1
"1,97E+00",1
"1,97E+00",1
"1,98E+00",1
"1,98E+00",1
"1,98E+00",1
"1,98E+00",1
"1,98E+00",1
"1,98E+00",1
"1,98E+00",1
"1,98E+00",1
"1,98E+00",1
"1,98E+00",1
"1,99E+00",1
"1,99E+00",1
"1,99E+00",1
"1,99E+00",1
"1,99E+00",1
"1,99E+00",1
"1,99E+00",1
"1,99E+00",1
"1,99E+00",1
"1,99E+00",1
"2,00E+00",1
"2,00E+00",1
"2,00E+00",1
"2,00E+00",1
"2,00E+00",1
"2,00E+00",1
"2,00E+00",1
"2,00E+00",1
"2,00E+00",1
"2,00E+00",1
"2,01E+00",1
"2,01E+00",1
"2,01E+00",1
"2,01E+00",1
"2,01E+00",1
"2,01E+00",1
"2,01E+00",1
"2,01E+00",1
"2,01E+00",1
"2,01E+00",1
"2,02E+00",1
"2,02E+00",1
"2,02E+00",1
"2,02E+00",1
"2,02E+00",1
"2,02E+00",1
"2,02E+00",1
"2,02E+00",1
"2,02E+00",1
"2,02E+00",1
"2,03E+00",1
"2,03E+00",1
"2,03E+00",1
"2,03E+00",1
"2,03E+00",1
"2,03E+00",1
"2,03E+00",1
"2,03E+00",1
"2,03E+00",1
"2,03E+00",1
"2,04E+00",1
"2,04E+00",1
"2,04E+00",1
"2,04E+00",1
"2,04E+00",1
"2,04E+00",1
"2,04E+00",1
"2,04E+00",1
"2,04E+00",1
"2,04E+00",1
"2,05E+00",1
"2,05E+00",1
"2,05E+00",1
"2,05E+00",1
"2,05E+00",1
"2,05E+00",1
"2,05E+00",1
"2,05E+00",1
"2,05E+00",1
"2,05E+00",1
"2,06E+00",1
"2,06E+00",1
"2,06E+00",1
"2,06E+00",1
"2,06E+00",1
"2,06E+00",1
"2,06E+00",1
"2,06E+00",1
"2,06E+00",1
"2,06E+00",1
"2,07E+00",1
"2,07E+00",1
"2,07E+00",1
"2,07E+00",1
"2,07E+00",1
"2,07E+00",1
"2,07E+00",1
"2,07E+00",1
"2,07E+00",1
"2,07E+00",1
"2,08E+00",1
"2,08E+00",1
"2,08E+00",1
"2,08E+00",1
"2,08E+00",1
"2,08E+00",1
"2,08E+00",1
"2,08E+00",1
"2,08E+00",1
"2,08E+00",1
"2,09E+00",1
"2,09E+00",1
"2,09E+00",1
"2,09E+00",1
"2,09E+00",1
"2,09E+00",1
"2,09E+00",1
"2,09E+00",1
"2,09E+00",1
"2,09E+00",1
"2,10E+00",1
"2,10E+00",1
"2,10E+00",1
"2,10E+00",1
"2,10E+00",1
"2,10E+00",1
"2,10E+00",1
"2,10E+00",1
"2,10E+00",1
"2,10E+00",1
"2,11E+00",1
"2,11E+00",1
"2,11E+00",1
"2,11E+00",1
"2,11E+00",1
"2,11E+00",1
"2,11E+00",1
"2,11E+00",1
"2,11E+00",1
"2,11E+00",1
"2,12E+00",1
"2,12E+00",1
"2,12E+00",1
"2,12E+00",1
"2,12E+00",1
"2,12E+00",1
"2,12E+00",1
"2,12E+00",1
"2,12E+00",1
"2,12E+00",1
"2,13E+00",1
"2,13E+00",1
"2,13E+00",1
"2,13E+00",1
"2,13E+00",1
"2,13E+00",1
"2,13E+00",1
"2,13E+00",1
"2,13E+00",1
"2,13E+00",1
"2,14E+00",1
"2,14E+00",1
"2,14E+00",1
"2,14E+00",1
"2,14E+00",1
"2,14E+00",1
"2,14E+00",1
"2,14E+00","0,9995"
"2,14E+00","0,9971"
"2,14E+00","0,9994"
"2,15E+00",1
"2,15E+00",1
"2,15E+00","0,9987"
"2,15E+00","0,999"
"2,15E+00","0,9964"
"2,15E+00","0,9987"
"2,15E+00","0,9992"
"2,15E+00","0,9961"
"2,15E+00","0,9992"
"2,15E+00","0,9991"
"2,16E+00","0,9919"
"2,16E+00","0,9973"
"2,16E+00","0,9981"
"2,16E+00","0,9995"
"2,16E+00",1
"2,16E+00","0,998"
"2,16E+00","0,9806"
"2,16E+00","0,9958"
"2,16E+00","0,9993"
"2,16E+00","0,9999"
"2,17E+00","0,9979"
"2,17E+00","0,9968"
"2,17E+00","0,9832"
"2,17E+00","0,9952"
"2,17E+00","0,9999"
"2,17E+00","0,9961"
"2,17E+00","0,9994"
"2,17E+00","0,9891"
"2,17E+00","0,9819"
"2,17E+00","0,9996"
"2,18E+00","0,9977"
"2,18E+00","0,9999"
"2,18E+00","0,9999"
"2,18E+00","0,9849"
"2,18E+00","0,9831"
"2,18E+00","0,9977"
"2,18E+00","0,9999"
"2,18E+00","0,9998"
"2,18E+00","0,9966"
"2,18E+00","0,9855"
"2,19E+00","0,9993"
"2,19E+00",1
"2,19E+00",1
"2,19E+00",1
"2,19E+00","0,9968"
"2,19E+00","0,9943"
"2,19E+00","0,9999"
"2,19E+00",1
"2,19E+00","0,9999"
"2,19E+00","0,9993"
"2,20E+00","0,9902"
"2,20E+00","0,9997"
"2,20E+00","0,9986"
"2,20E+00","0,9932"
"2,20E+00","0,9648"
"2,20E+00","0,8888"
"2,20E+00","0,9455"
"2,20E+00","0,9471"
"2,20E+00","0,9652"
"2,20E+00","0,989"
"2,21E+00","0,9709"
"2,21E+00","0,989"
"2,21E+00","0,999"
"2,21E+00","0,9988"
"2,21E+00","0,9999"
"2,21E+00","0,9993"
"2,21E+00","0,9909"
"2,21E+00","0,9971"
"2,21E+00","0,9999"
"2,21E+00","0,9983"
"2,22E+00","0,999"
"2,22E+00","0,9819"
"2,22E+00","0,9777"
"2,22E+00","0,9941"
"2,22E+00","0,9961"
"2,22E+00","0,9969"
"2,22E+00","0,9698"
"2,22E+00","0,9708"
"2,22E+00","0,9953"
"2,22E+00","0,9915"
"2,23E+00","0,9923"
"2,23E+00","0,9853"
"2,23E+00","0,956"
"2,23E+00","0,9854"
"2,23E+00","0,9906"
"2,23E+00","0,992"
"2,23E+00","0,9751"
"2,23E+00","0,9439"
"2,23E+00","0,9679"
"2,23E+00","0,9735"
"2,24E+00","0,9833"
"2,24E+00","0,976"
"2,24E+00","0,9696"
"2,24E+00","0,9584"
"2,24E+00","0,9875"
"2,24E+00","0,9655"
"2,24E+00","0,9686"
"2,24E+00","0,9725"
"2,24E+00","0,9737"
"2,24E+00","0,9449"
"2,25E+00","0,9876"
"2,25E+00","0,9553"
"2,25E+00","0,9174"
"2,25E+00","0,9763"
"2,25E+00","0,9811"
"2,25E+00","0,9643"
"2,25E+00","0,9615"
"2,25E+00","0,9681"
"2,25E+00","0,9705"
"2,25E+00","0,9385"
"2,26E+00","0,963"
"2,26E+00","0,9509"
"2,26E+00","0,9308"
"2,26E+00","0,9659"
"2,26E+00","0,9888"
"2,26E+00","0,9713"
"2,26E+00","0,9203"
"2,26E+00","0,885"
"2,26E+00","0,9607"
"2,26E+00","0,9201"
"2,27E+00","0,9281"
"2,27E+00","0,9931"
"2,27E+00","0,9825"
"2,27E+00","0,9071"
"2,27E+00","0,9144"
"2,27E+00","0,9556"
"2,27E+00","0,9669"
"2,27E+00","0,9275"
"2,27E+00","0,9602"
"2,27E+00","0,9771"
"2,28E+00","0,9103"
"2,28E+00","0,848"
"2,28E+00","0,937"
"2,28E+00","0,9671"
"2,28E+00","0,9827"
"2,28E+00","0,9803"
"2,28E+00","0,8927"
"2,28E+00","0,9572"
"2,28E+00","0,8646"
"2,28E+00","0,8977"
"2,29E+00","0,919"
"2,29E+00","0,9712"
"2,29E+00","0,9714"
"2,29E+00","0,9649"
"2,29E+00","0,9358"
"2,29E+00","0,8531"
"2,29E+00","0,9453"
"2,29E+00","0,9397"
"2,29E+00","0,9402"
"2,29E+00","0,9263"
"2,30E+00","0,9045"
"2,30E+00","0,8969"
"2,30E+00","0,9619"
"2,30E+00","0,9039"
"2,30E+00","0,883"
"2,30E+00","0,8997"
"2,30E+00","0,8958"
"2,30E+00","0,9378"
"2,30E+00","0,9371"
"2,30E+00","0,8817"
"2,31E+00","0,896"
"2,31E+00","0,9448"
"2,31E+00","0,9048"
"2,31E+00","0,9352"
"2,31E+00","0,9628"
"2,31E+00","0,9744"
"2,31E+00","0,9982"
"2,31E+00","0,975"
"2,31E+00","0,9965"
"2,31E+00","0,9992"
"2,32E+00","0,994"
"2,32E+00","0,8824"
"2,32E+00","0,6897"
"2,32E+00","0,7568"
"2,32E+00","0,8722"
"2,32E+00","0,9044"
"2,32E+00","0,9318"
"2,32E+00","0,9505"
"2,32E+00","0,9643"
"2,32E+00","0,9652"
"2,33E+00","0,9606"
"2,33E+00","0,9447"
"2,33E+00","0,9735"
"2,33E+00","0,9254"
"2,33E+00","0,9284"
"2,33E+00","0,9848"
"2,33E+00","0,9425"
"2,33E+00","0,9214"
"2,33E+00","0,9626"
"2,33E+00","0,9382"
"2,34E+00","0,9367"
"2,34E+00","0,9321"
"2,34E+00","0,9615"
"2,34E+00","0,9076"
"2,34E+00","0,9277"
"2,34E+00","0,8328"
"2,34E+00","0,8742"
"2,34E+00","0,9531"
"2,34E+00","0,9227"
"2,34E+00","0,9098"
"2,35E+00","0,8887"
"2,35E+00","0,9057"
"2,35E+00","0,8756"
"2,35E+00","0,8316"
"2,35E+00","0,8964"
"2,35E+00","0,8744"
"2,35E+00","0,8476"
"2,35E+00","0,9407"
"2,35E+00","0,908"
"2,35E+00","0,9096"
"2,36E+00","0,9057"
"2,36E+00","0,8119"
"2,36E+00","0,9461"
"2,36E+00","0,8944"
"2,36E+00","0,8183"
"2,36E+00","0,9901"
"2,36E+00","0,9773"
"2,36E+00","0,8935"
"2,36E+00","0,9946"
"2,36E+00","0,9609"
"2,37E+00","0,9538"
"2,37E+00","0,9459"
"2,37E+00","0,9147"
"2,37E+00","0,8952"
"2,37E+00","0,9448"
"2,37E+00","0,7389"
"2,37E+00","0,6234"
"2,37E+00","0,7201"
"2,37E+00","0,8608"
"2,37E+00","0,9259"
"2,38E+00","0,9178"
"2,38E+00","0,9567"
"2,38E+00","0,8487"
"2,38E+00","0,9778"
"2,38E+00","0,9839"
"2,38E+00","0,9026"
"2,38E+00","0,956"
"2,38E+00","0,9911"
"2,38E+00","0,8928"
"2,38E+00","0,9229"
"2,39E+00","0,9752"
"2,39E+00","0,9498"
"2,39E+00","0,9001"
"2,39E+00","0,9624"
"2,39E+00","0,9844"
"2,39E+00","0,909"
"2,39E+00","0,9328"
"2,39E+00","0,9489"
"2,39E+00","0,949"
"2,39E+00","0,933"
"2,40E+00","0,9528"
"2,40E+00","0,929"
"2,40E+00","0,9209"
"2,40E+00","0,953"
"2,40E+00","0,9591"
"2,40E+00","0,946"
"2,40E+00","0,9761"
"2,40E+00","0,9684"
"2,40E+00","0,9681"
"2,40E+00","0,9487"
"2,41E+00","0,9586"
"2,41E+00","0,9626"
"2,41E+00","0,9748"
"2,41E+00","0,9661"
"2,41E+00","0,9636"
"2,41E+00","0,9749"
"2,41E+00","0,9947"
"2,41E+00","0,9946"
"2,41E+00","0,9932"
"2,41E+00","0,9853"
"2,42E+00","0,995"
"2,42E+00","0,9725"
"2,42E+00","0,9783"
"2,42E+00","0,9809"
"2,42E+00","0,9873"
"2,42E+00","0,9821"
"2,42E+00","0,992"
"2,42E+00","0,9916"
"2,42E+00","0,9814"
"2,42E+00","0,9749"
"2,43E+00","0,9741"
"2,43E+00","0,9807"
"2,43E+00","0,9771"
"2,43E+00","0,9704"
"2,43E+00","0,9904"
"2,43E+00","0,989"
"2,43E+00","0,9941"
"2,43E+00","0,9945"
"2,43E+00","0,9895"
"2,43E+00","0,9903"
"2,44E+00","0,9903"
"2,44E+00","0,9868"
"2,44E+00","0,983"
"2,44E+00","0,9853"
"2,44E+00","0,9953"
"2,44E+00","0,9914"
"2,44E+00","0,9921"
"2,44E+00","0,9956"
"2,44E+00","0,9915"
"2,44E+00","0,992"
"2,45E+00","0,993"
"2,45E+00","0,9952"
"2,45E+00","0,9933"
"2,45E+00","0,9881"
"2,45E+00","0,9932"
"2,45E+00","0,9949"
"2,45E+00","0,9959"
"2,45E+00","0,9918"
"2,45E+00","0,9955"
"2,45E+00","0,9975"
"2,46E+00","0,9961"
"2,46E+00","0,9938"
"2,46E+00","0,9954"
"2,46E+00","0,9956"
"2,46E+00","0,9957"
"2,46E+00","0,9978"
"2,46E+00","0,9974"
"2,46E+00","0,9972"
"2,46E+00","0,996"
"2,46E+00","0,9964"
"2,47E+00","0,9985"
"2,47E+00","0,9986"
"2,47E+00","0,9994"
"2,47E+00","0,9968"
"2,47E+00","0,9947"
"2,47E+00","0,997"
"2,47E+00","0,999"
"2,47E+00","0,9991"
"2,47E+00","0,999"
"2,47E+00","0,9992"
"2,48E+00","0,998"
"2,48E+00","0,9988"
"2,48E+00","0,9993"
"2,48E+00","0,9985"
"2,48E+00","0,9975"
"2,48E+00","0,9987"
"2,48E+00","0,9995"
"2,48E+00","0,9992"
"2,48E+00","0,9995"
"2,48E+00","0,9975"
"2,49E+00","0,9982"
"2,49E+00","0,999"
"2,49E+00","0,9992"
"2,49E+00","0,9971"
"2,49E+00","0,9987"
"2,49E+00","0,9992"
"2,49E+00","0,9989"
"2,49E+00","0,999"
"2,49E+00","0,9988"
"2,49E+00","0,9987"
"2,50E+00","0,9996"
"2,50E+00","0,9994"
"2,50E+00","0,9997"
"2,50E+00","0,9987"
"2,50E+00","0,9971"
"2,50E+00","0,9993"
"2,50E+00","0,9988"
"2,50E+00","0,9993"
"2,50E+00","0,9996"
"2,50E+00","0,9984"
"2,51E+00","0,9992"
"2,51E+00","0,9994"
"2,51E+00","0,9997"
"2,51E+00","0,9989"
"2,51E+00","0,9987"
"2,51E+00","0,999"
"2,51E+00","0,9988"
"2,51E+00","0,9988"
"2,51E+00","0,9994"
"2,51E+00","0,9982"
"2,52E+00","0,9992"
"2,52E+00","0,9989"
"2,52E+00","0,9981"
"2,52E+00","0,9993"
"2,52E+00","0,9989"
"2,52E+00","0,9992"
"2,52E+00","0,9973"
"2,52E+00","0,9994"
"2,52E+00","0,9991"
"2,52E+00","0,9988"
"2,53E+00","0,9987"
"2,53E+00","0,9991"
"2,53E+00","0,9985"
"2,53E+00","0,9976"
"2,53E+00","0,999"
"2,53E+00","0,9997"
"2,53E+00","0,9983"
"2,53E+00","0,9995"
"2,53E+00","0,999"
"2,53E+00","0,9995"
"2,54E+00","0,9982"
"2,54E+00","0,998"
"2,54E+00","0,9976"
"2,54E+00","0,9994"
"2,54E+00","0,9995"
"2,54E+00","0,9986"
"2,54E+00","0,9987"
"2,54E+00","0,9992"
"2,54E+00","0,9993"
"2,54E+00","0,9988"
"2,55E+00","0,9994"
"2,55E+00","0,999"
"2,55E+00","0,9991"
"2,55E+00","0,999"
"2,55E+00","0,9989"
"2,55E+00","0,9982"
"2,55E+00","0,9972"
"2,55E+00","0,9972"
"2,55E+00","0,9967"
"2,55E+00","0,9975"
"2,56E+00","0,9955"
"2,56E+00","0,9966"
"2,56E+00","0,9946"
"2,56E+00","0,9919"
"2,56E+00","0,988"
"2,56E+00","0,9912"
"2,56E+00","0,9841"
"2,56E+00","0,9906"
"2,56E+00","0,9886"
"2,56E+00","0,9961"
"2,57E+00","0,9826"
"2,57E+00","0,9807"
"2,57E+00","0,9888"
"2,57E+00","0,9938"
"2,57E+00","0,9957"
"2,57E+00","0,9737"
"2,57E+00","0,9846"
"2,57E+00","0,9947"
"2,57E+00","0,9774"
"2,57E+00","0,9894"
"2,58E+00","0,9954"
"2,58E+00","0,9858"
"2,58E+00","0,9984"
"2,58E+00","0,9989"
"2,58E+00","0,9943"
"2,58E+00","0,9958"
"2,58E+00","0,9978"
"2,58E+00","0,9973"
"2,58E+00","0,9934"
"2,58E+00","0,999"
"2,59E+00","0,9939"
"2,59E+00","0,9887"
"2,59E+00","0,9689"
"2,59E+00","0,9696"
"2,59E+00","0,9774"
"2,59E+00","0,984"
"2,59E+00","0,9808"
"2,59E+00","0,9873"
"2,59E+00","0,9951"
"2,59E+00","0,9923"
"2,60E+00","0,9944"
"2,60E+00","0,9966"
"2,60E+00","0,9921"
"2,60E+00","0,9974"
"2,60E+00","0,9953"
"2,60E+00","0,9898"
"2,60E+00","0,9959"
"2,60E+00","0,9908"
"2,60E+00","0,9939"
"2,60E+00","0,9971"
"2,61E+00","0,9961"
"2,61E+00","0,9924"
"2,61E+00","0,9976"
"2,61E+00","0,9991"
"2,61E+00","0,9977"
"2,61E+00","0,9941"
"2,61E+00","0,9952"
"2,61E+00","0,9922"
"2,61E+00","0,9886"
"2,61E+00","0,9973"
"2,62E+00","0,997"
"2,62E+00","0,9938"
"2,62E+00","0,9974"
"2,62E+00","0,9979"
"2,62E+00","0,9965"
"2,62E+00","0,9991"
"2,62E+00","0,9965"
"2,62E+00","0,9959"
"2,62E+00","0,9985"
"2,62E+00","0,9978"
"2,63E+00","0,9973"
"2,63E+00","0,9969"
"2,63E+00","0,9984"
"2,63E+00","0,9965"
"2,63E+00","0,9997"
"2,63E+00","0,9987"
"2,63E+00","0,9987"
"2,63E+00","0,9972"
"2,63E+00","0,9965"
"2,63E+00","0,9975"
"2,64E+00","0,9999"
"2,64E+00","0,9997"
"2,64E+00","0,9978"
"2,64E+00","0,9983"
"2,64E+00","0,9996"
"2,64E+00","0,9984"
"2,64E+00","0,9993"
"2,64E+00","0,9998"
"2,64E+00",1
"2,64E+00","0,9993"
"2,65E+00","0,9994"
"2,65E+00","0,9996"
"2,65E+00","0,999"
"2,65E+00","0,9994"
"2,65E+00",1
"2,65E+00","0,9998"
"2,65E+00","0,9996"
"2,65E+00","0,9997"
"2,65E+00","0,9996"
"2,65E+00","0,9994"
"2,66E+00","0,9996"
"2,66E+00","0,9997"
"2,66E+00","0,9993"
"2,66E+00","0,9999"
"2,66E+00","0,9999"
"2,66E+00","0,9999"
"2,66E+00","0,9998"
"2,66E+00","0,9999"
"2,66E+00","0,9999"
"2,66E+00","0,9999"
"2,67E+00",1
"2,67E+00","0,9997"
"2,67E+00",1
"2,67E+00",1
"2,67E+00",1
"2,67E+00",1
"2,67E+00",1
"2,67E+00","0,9998"
"2,67E+00","0,9998"
"2,67E+00","0,9999"
"2,68E+00",1
"2,68E+00",1
"2,68E+00",1
"2,68E+00","0,9999"
"2,68E+00",1
"2,68E+00",1
"2,68E+00","0,9999"
"2,68E+00",1
"2,68E+00",1
"2,68E+00",1
"2,69E+00",1
"2,69E+00","0,9998"
"2,69E+00","0,9999"
"2,69E+00","0,9999"
"2,69E+00",1
"2,69E+00","0,9998"
"2,69E+00","0,9998"
"2,69E+00","0,9999"
"2,69E+00",1
"2,69E+00",1
"2,70E+00","0,9999"
"2,70E+00",1
"2,70E+00",1
"2,70E+00",1
"2,70E+00",1
"2,70E+00",1
"2,70E+00",1
"2,70E+00","0,9999"
"2,70E+00",1
"2,70E+00",1
"2,71E+00",1
"2,71E+00",1
"2,71E+00",1
"2,71E+00",1
"2,71E+00",1
"2,71E+00",1
"2,71E+00",1
"2,71E+00",1
"2,71E+00",1
"2,71E+00",1
"2,72E+00",1
"2,72E+00",1
"2,72E+00",1
"2,72E+00",1
"2,72E+00",1
"2,72E+00",1
"2,72E+00",1
"2,72E+00",1
"2,72E+00",1
"2,72E+00",1
"2,73E+00",1
"2,73E+00",1
"2,73E+00",1
"2,73E+00",1
"2,73E+00",1
"2,73E+00",1
"2,73E+00",1
"2,73E+00",1
"2,73E+00",1
"2,73E+00",1
"2,74E+00",1
"2,74E+00",1
"2,74E+00",1
"2,74E+00",1
"2,74E+00",1
"2,74E+00",1
"2,74E+00",1
"2,74E+00",1
"2,74E+00",1
"2,74E+00",1
"2,75E+00",1
"2,75E+00",1
"2,75E+00",1
"2,75E+00",1
"2,75E+00",1
"2,75E+00",1
"2,75E+00",1
"2,75E+00",1
"2,75E+00",1
"2,75E+00",1
"2,76E+00",1
"2,76E+00",1
"2,76E+00",1
"2,76E+00",1
"2,76E+00",1
"2,76E+00",1
"2,76E+00",1
"2,76E+00",1
"2,76E+00",1
"2,76E+00",1
"2,77E+00",1
"2,77E+00",1
"2,77E+00",1
"2,77E+00",1
"2,77E+00",1
"2,77E+00",1
"2,77E+00",1
"2,77E+00",1
"2,77E+00",1
"2,77E+00",1
"2,78E+00",1
"2,78E+00",1
"2,78E+00",1
"2,78E+00",1
"2,78E+00",1
"2,78E+00",1
"2,78E+00",1
"2,78E+00",1
"2,78E+00",1
"2,78E+00",1
"2,79E+00",1
"2,79E+00",1
"2,79E+00",1
"2,79E+00",1
"2,79E+00",1
"2,79E+00",1
"2,79E+00",1
"2,79E+00",1
"2,79E+00",1
"2,79E+00",1
"2,80E+00",1
"2,80E+00",1
"2,80E+00",1
"2,80E+00",1
"2,80E+00",1
"2,80E+00",1
"2,80E+00",1
"2,80E+00",1
"2,80E+00",1
"2,80E+00",1
"2,81E+00",1
"2,81E+00",1
"2,81E+00",1
"2,81E+00",1
"2,81E+00",1
"2,81E+00",1
"2,81E+00",1
"2,81E+00",1
"2,81E+00",1
"2,81E+00",1
"2,82E+00",1
"2,82E+00",1
"2,82E+00",1
"2,82E+00",1
"2,82E+00",1
"2,82E+00",1
"2,82E+00",1
"2,82E+00",1
"2,82E+00",1
"2,82E+00",1
"2,83E+00",1
"2,83E+00",1
"2,83E+00",1
"2,83E+00",1
"2,83E+00",1
"2,83E+00",1
"2,83E+00",1
"2,83E+00",1
"2,83E+00",1
"2,83E+00",1
"2,84E+00",1
"2,84E+00",1
"2,84E+00",1
"2,84E+00",1
"2,84E+00",1
"2,84E+00",1
"2,84E+00",1
"2,84E+00",1
"2,84E+00",1
"2,84E+00",1
"2,85E+00",1
"2,85E+00",1
"2,85E+00",1
"2,85E+00",1
"2,85E+00",1
"2,85E+00",1
"2,85E+00",1
"2,85E+00",1
"2,85E+00",1
"2,85E+00",1
"2,86E+00",1
"2,86E+00",1
"2,86E+00",1
"2,86E+00",1
"2,86E+00",1
"2,86E+00",1
"2,86E+00",1
"2,86E+00",1
"2,86E+00",1
"2,86E+00",1
"2,87E+00",1
"2,87E+00",1
"2,87E+00",1
"2,87E+00",1
"2,87E+00",1
"2,87E+00",1
"2,87E+00",1
"2,87E+00",1
"2,87E+00",1
"2,87E+00",1
"2,88E+00",1
"2,88E+00",1
"2,88E+00",1
"2,88E+00",1
"2,88E+00",1
"2,88E+00",1
"2,88E+00",1
"2,88E+00",1
"2,88E+00",1
"2,88E+00",1
"2,89E+00",1
"2,89E+00",1
"2,89E+00",1
"2,89E+00",1
"2,89E+00",1
"2,89E+00",1
"2,89E+00",1
"2,89E+00",1
"2,89E+00",1
"2,89E+00",1
"2,90E+00",1
"2,90E+00",1
"2,90E+00",1
"2,90E+00",1
"2,90E+00",1
"2,90E+00",1
"2,90E+00",1
"2,90E+00",1
"2,90E+00",1
"2,90E+00",1
"2,91E+00",1
"2,91E+00",1
"2,91E+00",1
"2,91E+00",1
"2,91E+00",1
"2,91E+00",1
"2,91E+00",1
"2,91E+00",1
"2,91E+00",1
"2,91E+00",1
"2,92E+00",1
"2,92E+00",1
"2,92E+00",1
"2,92E+00",1
"2,92E+00",1
"2,92E+00",1
"2,92E+00",1
"2,92E+00",1
"2,92E+00",1
"2,92E+00",1
"2,93E+00",1
"2,93E+00",1
"2,93E+00",1
"2,93E+00",1
"2,93E+00",1
"2,93E+00",1
"2,93E+00",1
"2,93E+00",1
"2,93E+00",1
"2,93E+00",1
"2,94E+00",1
"2,94E+00",1
"2,94E+00",1
"2,94E+00",1
"2,94E+00",1
"2,94E+00",1
"2,94E+00",1
"2,94E+00",1
"2,94E+00",1
"2,94E+00",1
"2,95E+00",1
"2,95E+00",1
"2,95E+00",1
"2,95E+00",1
"2,95E+00",1
"2,95E+00",1
"2,95E+00",1
"2,95E+00",1
"2,95E+00",1
"2,95E+00",1
"2,96E+00",1
"2,96E+00",1
"2,96E+00",1
"2,96E+00",1
"2,96E+00",1
"2,96E+00",1
"2,96E+00",1
"2,96E+00",1
"2,96E+00",1
"2,96E+00",1
"2,97E+00",1
"2,97E+00",1
"2,97E+00",1
"2,97E+00",1
"2,97E+00",1
"2,97E+00",1
"2,97E+00",1
"2,97E+00",1
"2,97E+00",1
"2,97E+00",1
"2,98E+00",1
"2,98E+00",1
"2,98E+00",1
"2,98E+00",1
"2,98E+00",1
"2,98E+00",1
"2,98E+00",1
"2,98E+00",1
"2,98E+00",1
"2,98E+00",1
"2,99E+00",1
"2,99E+00",1
"2,99E+00",1
"2,99E+00",1
"2,99E+00",1
"2,99E+00",1
"2,99E+00",1
"2,99E+00",1
"2,99E+00",1
"2,99E+00",1
"3,00E+00",1
"3,00E+00",1
"3,00E+00",1
"3,00E+00",1
"3,00E+00",1
"3,00E+00",1
