"0,400000",1
"0,401000",1
"0,402000",1
"0,403000",1
"0,404000",1
"0,405000",1
"0,406000",1
"0,407000",1
"0,408000",1
"0,409000",1
"0,410000",1
"0,411000",1
"0,412000",1
"0,413000",1
"0,414000",1
"0,415000",1
"0,416000",1
"0,417000",1
"0,418000",1
"0,419000",1
"0,420000",1
"0,421000",1
"0,422000",1
"0,423000",1
"0,424000",1
"0,425000",1
"0,426000",1
"0,427000",1
"0,428000",1
"0,429000",1
"0,430000",1
"0,431000",1
"0,432000",1
"0,433000",1
"0,434000",1
"0,435000",1
"0,436000",1
"0,437000",1
"0,438000",1
"0,439000",1
"0,440000",1
"0,441000","0,9999"
"0,442000","0,9992"
"0,443000","0,998"
"0,444000","0,9992"
"0,445000","0,9987"
"0,446000","0,9989"
"0,447000","0,9995"
"0,448000","0,9999"
"0,449000",1
"0,450000",1
"0,451000",1
"0,452000",1
"0,453000",1
"0,454000",1
"0,455000",1
"0,456000",1
"0,457000",1
"0,458000",1
"0,459000",1
"0,460000",1
"0,461000",1
"0,462000",1
"0,463000",1
"0,464000",1
"0,465000",1
"0,466000",1
"0,467000","0,9999"
"0,468000","0,9999"
"0,469000","0,9996"
"0,470000","0,9992"
"0,471000","0,9995"
"0,472000","0,9995"
"0,473000","0,9995"
"0,474000","0,9998"
"0,475000",1
"0,476000",1
"0,477000",1
"0,478000",1
"0,479000",1
"0,480000",1
"0,481000",1
"0,482000",1
"0,483000",1
"0,484000",1
"0,485000","0,9995"
"0,486000","0,9996"
"0,487000","0,9997"
"0,488000","0,9997"
"0,489000","0,9996"
"0,490000","0,9998"
"0,491000","0,9999"
"0,492000","0,9999"
"0,493000",1
"0,494000",1
"0,495000",1
"0,496000",1
"0,497000",1
"0,498000",1
"0,499000",1
"0,500000","0,9998"
"0,501000","0,9995"
"0,502000","0,9979"
"0,503000","0,9946"
"0,504000","0,9871"
"0,505000","0,9947"
"0,506000","0,9937"
"0,507000","0,9933"
"0,508000","0,9933"
"0,509000","0,9963"
"0,510000","0,9975"
"0,511000","0,9987"
"0,512000","0,9995"
"0,513000","0,9997"
"0,514000",1
"0,515000",1
"0,516000",1
"0,517000",1
"0,518000",1
"0,519000",1
"0,520000",1
"0,521000",1
"0,522000",1
"0,523000",1
"0,524000","0,9995"
"0,525000","0,9994"
"0,526000","0,9998"
"0,527000","0,9995"
"0,528000","0,9998"
"0,529000","0,9997"
"0,530000","0,9997"
"0,531000","0,9998"
"0,532000",1
"0,533000",1
"0,534000",1
"0,535000",1
"0,536000",1
"0,537000",1
"0,538000","0,9998"
"0,539000","0,9995"
"0,540000","0,9983"
"0,541000","0,9948"
"0,542000","0,9951"
"0,543000","0,9969"
"0,544000","0,9961"
"0,545000","0,9965"
"0,546000","0,9947"
"0,547000","0,9965"
"0,548000","0,9981"
"0,549000","0,9988"
"0,550000","0,999"
"0,551000","0,9994"
"0,552000","0,9997"
"0,553000","0,9998"
"0,554000",1
"0,555000",1
"0,556000",1
"0,557000",1
"0,558000",1
"0,559000",1
"0,560000",1
"0,561000",1
"0,562000",1
"0,563000","0,9999"
"0,564000","0,9999"
"0,565000","0,9999"
"0,566000","0,9997"
"0,567000","0,999"
"0,568000","0,9952"
"0,569000","0,9873"
"0,570000","0,9895"
"0,571000","0,9966"
"0,572000","0,9924"
"0,573000","0,9929"
"0,574000","0,9935"
"0,575000","0,9942"
"0,576000","0,9956"
"0,577000","0,9962"
"0,578000","0,9976"
"0,579000","0,9987"
"0,580000","0,9991"
"0,581000","0,9994"
"0,582000","0,9993"
"0,583000","0,9989"
"0,584000","0,9986"
"0,585000","0,9981"
"0,586000","0,9962"
"0,587000","0,991"
"0,588000","0,9727"
"0,589000","0,9419"
"0,590000","0,9394"
"0,591000","0,9564"
"0,592000","0,9433"
"0,593000","0,9655"
"0,594000","0,957"
"0,595000","0,9446"
"0,596000","0,9726"
"0,597000","0,9699"
"0,598000","0,9781"
"0,599000","0,9832"
"0,600000","0,9891"
"0,601000","0,9949"
"0,602000","0,997"
"0,603000","0,9989"
"0,604000","0,9995"
"0,605000","0,9999"
"0,606000",1
"0,607000",1
"0,608000",1
"0,609000",1
"0,610000",1
"0,611000",1
"0,612000",1
"0,613000",1
"0,614000",1
"0,615000",1
"0,616000",1
"0,617000",1
"0,618000",1
"0,619000",1
"0,620000",1
"0,621000",1
"0,622000",1
"0,623000",1
"0,624000",1
"0,625000","0,9998"
"0,626000","0,9986"
"0,627000","0,9946"
"0,628000","0,9891"
"0,629000","0,9914"
"0,630000","0,995"
"0,631000","0,9979"
"0,632000","0,9912"
"0,633000","0,9947"
"0,634000","0,9964"
"0,635000","0,9952"
"0,636000","0,9964"
"0,637000","0,9963"
"0,638000","0,9977"
"0,639000","0,9977"
"0,640000","0,998"
"0,641000","0,9974"
"0,642000","0,998"
"0,643000","0,9969"
"0,644000","0,996"
"0,645000","0,9932"
"0,646000","0,9815"
"0,647000","0,9628"
"0,648000","0,9504"
"0,649000","0,959"
"0,650000","0,9766"
"0,651000","0,9787"
"0,652000","0,9522"
"0,653000","0,983"
"0,654000","0,9814"
"0,655000","0,9713"
"0,656000","0,9746"
"0,657000","0,9782"
"0,658000","0,9835"
"0,659000","0,989"
"0,660000","0,9923"
"0,661000","0,9958"
"0,662000","0,998"
"0,663000","0,9978"
"0,664000","0,9984"
"0,665000","0,9986"
"0,666000","0,9991"
"0,667000","0,9993"
"0,668000","0,9998"
"0,669000","0,9999"
"0,670000",1
"0,671000",1
"0,672000",1
"0,673000",1
"0,674000",1
"0,675000",1
"0,676000",1
"0,677000",1
"0,678000",1
"0,679000",1
"0,680000","0,9998"
"0,681000","0,9995"
"0,682000","0,9992"
"0,683000","0,9991"
"0,684000","0,9985"
"0,685000","0,9984"
"0,686000","0,9983"
"0,687000","0,9972"
"0,688000","0,9987"
"0,689000","0,9984"
"0,690000","0,9969"
"0,691000","0,9932"
"0,692000","0,9765"
"0,693000","0,9345"
"0,694000","0,9045"
"0,695000","0,9104"
"0,696000","0,9262"
"0,697000","0,9743"
"0,698000","0,9731"
"0,699000","0,9336"
"0,700000","0,9331"
"0,701000","0,9321"
"0,702000","0,9334"
"0,703000","0,9408"
"0,704000","0,9605"
"0,705000","0,9596"
"0,706000","0,9567"
"0,707000","0,9687"
"0,708000","0,9689"
"0,709000","0,9767"
"0,710000","0,975"
"0,711000","0,9775"
"0,712000","0,983"
"0,713000","0,9778"
"0,714000","0,9773"
"0,715000","0,9639"
"0,716000","0,9495"
"0,717000","0,8098"
"0,718000","0,742"
"0,719000","0,7194"
"0,720000","0,7259"
"0,721000","0,8229"
"0,722000","0,9214"
"0,723000","0,8639"
"0,724000","0,7772"
"0,725000","0,7867"
"0,726000","0,7889"
"0,727000","0,817"
"0,728000","0,7868"
"0,729000","0,826"
"0,730000","0,8266"
"0,731000","0,8281"
"0,732000","0,8589"
"0,733000","0,923"
"0,734000","0,943"
"0,735000","0,9375"
"0,736000","0,9386"
"0,737000","0,9364"
"0,738000","0,9611"
"0,739000","0,9653"
"0,740000","0,9716"
"0,741000","0,9831"
"0,742000","0,9871"
"0,743000","0,9914"
"0,744000","0,9958"
"0,745000","0,9974"
"0,746000","0,9981"
"0,747000","0,9989"
"0,748000","0,9992"
"0,749000","0,9995"
"0,750000","0,9995"
"0,751000","0,9996"
"0,752000","0,9998"
"0,753000","0,9999"
"0,754000","0,9997"
"0,755000","0,9995"
"0,756000",1
"0,757000",1
"0,758000",1
"0,759000",1
"0,760000",1
"0,761000",1
"0,762000",1
"0,763000",1
"0,764000",1
"0,765000",1
"0,766000",1
"0,767000",1
"0,768000",1
"0,769000",1
"0,770000",1
"0,771000",1
"0,772000",1
"0,773000",1
"0,774000",1
"0,775000",1
"0,776000",1
"0,777000","0,9999"
"0,778000","0,9998"
"0,779000","0,9998"
"0,780000","0,9997"
"0,781000","0,9999"
"0,782000","0,9998"
"0,783000","0,9998"
"0,784000","0,9996"
"0,785000","0,997"
"0,786000","0,9942"
"0,787000","0,9818"
"0,788000","0,9749"
"0,789000","0,9601"
"0,790000","0,9499"
"0,791000","0,958"
"0,792000","0,9632"
"0,793000","0,9653"
"0,794000","0,9909"
"0,795000","0,9846"
"0,796000","0,9491"
"0,797000","0,9505"
"0,798000","0,9768"
"0,799000","0,9758"
"0,800000","0,9662"
"0,801000","0,951"
"0,802000","0,9619"
"0,803000","0,9534"
"0,804000","0,9605"
"0,805000","0,9725"
"0,806000","0,9838"
"0,807000","0,9819"
"0,808000","0,9798"
"0,809000","0,9699"
"0,810000","0,96"
"0,811000","0,9459"
"0,812000","0,923"
"0,813000","0,8766"
"0,814000","0,8137"
"0,815000","0,7667"
"0,816000","0,7483"
"0,817000","0,756"
"0,818000","0,7498"
"0,819000","0,8158"
"0,820000","0,8153"
"0,821000","0,9304"
"0,822000","0,8769"
"0,823000","0,6315"
"0,824000","0,8211"
"0,825000","0,9218"
"0,826000","0,8664"
"0,827000","0,9077"
"0,828000","0,8154"
"0,829000","0,83"
"0,830000","0,8644"
"0,831000","0,8826"
"0,832000","0,8546"
"0,833000","0,896"
"0,834000","0,8965"
"0,835000","0,9394"
"0,836000","0,9247"
"0,837000","0,9483"
"0,838000","0,9506"
"0,839000","0,9689"
"0,840000","0,9754"
"0,841000","0,967"
"0,842000","0,9776"
"0,843000","0,9884"
"0,844000","0,9812"
"0,845000","0,992"
"0,846000","0,9938"
"0,847000","0,9971"
"0,848000","0,9932"
"0,849000","0,9914"
"0,850000","0,9923"
"0,851000","0,9893"
"0,852000","0,9883"
"0,853000","0,9944"
"0,854000","0,9918"
"0,855000","0,9942"
"0,856000","0,9956"
"0,857000","0,9968"
"0,858000","0,997"
"0,859000","0,9984"
"0,860000","0,9995"
"0,861000","0,9993"
"0,862000","0,9998"
"0,863000","0,9998"
"0,864000","0,9998"
"0,865000",1
"0,866000",1
"0,867000",1
"0,868000",1
"0,869000",1
"0,870000",1
"0,871000","0,9998"
"0,872000",1
"0,873000",1
"0,874000",1
"0,875000","0,9997"
"0,876000","0,9992"
"0,877000","0,9996"
"0,878000","0,9984"
"0,879000","0,9984"
"0,880000","0,9983"
"0,881000","0,9968"
"0,882000","0,9952"
"0,883000","0,9958"
"0,884000","0,9955"
"0,885000","0,9966"
"0,886000","0,9852"
"0,887000","0,9934"
"0,888000","0,9865"
"0,889000","0,9943"
"0,890000","0,988"
"0,891000","0,9893"
"0,892000","0,9785"
"0,893000","0,945"
"0,894000","0,9181"
"0,895000","0,8349"
"0,896000","0,7789"
"0,897000","0,7182"
"0,898000","0,7638"
"0,899000","0,6046"
"0,900000","0,7377"
"0,901000","0,6571"
"0,902000","0,7008"
"0,903000","0,7733"
"0,904000","0,8896"
"0,905000","0,8748"
"0,906000","0,8517"
"0,907000","0,7023"
"0,908000","0,7101"
"0,909000","0,7141"
"0,910000","0,6994"
"0,911000","0,6955"
"0,912000","0,757"
"0,913000","0,6643"
"0,914000","0,6401"
"0,915000","0,7118"
"0,916000","0,6367"
"0,917000","0,7395"
"0,918000","0,6514"
"0,919000","0,7945"
"0,920000","0,836"
"0,921000","0,8604"
"0,922000","0,8019"
"0,923000","0,8708"
"0,924000","0,785"
"0,925000","0,8027"
"0,926000","0,8194"
"0,927000","0,8295"
"0,928000","0,6434"
"0,929000","0,5466"
"0,930000","0,4662"
"0,931000","0,4105"
"0,932000","0,2695"
"0,933000","0,2442"
"0,934000","0,1349"
"0,935000","0,2411"
"0,936000","0,2102"
"0,937000","0,2061"
"0,938000","0,2068"
"0,939000","0,427"
"0,940000","0,5537"
"0,941000","0,4463"
"0,942000","0,4648"
"0,943000","0,3409"
"0,944000","0,3007"
"0,945000","0,3704"
"0,946000","0,2837"
"0,947000","0,3605"
"0,948000","0,3514"
"0,949000","0,4625"
"0,950000","0,2406"
"0,951000","0,4838"
"0,952000","0,3141"
"0,953000","0,3643"
"0,954000","0,4456"
"0,955000","0,3744"
"0,956000","0,356"
"0,957000","0,3783"
"0,958000","0,5479"
"0,959000","0,3753"
"0,960000","0,4111"
"0,961000","0,5191"
"0,962000","0,5143"
"0,963000","0,5612"
"0,964000","0,5251"
"0,965000","0,5831"
"0,966000","0,6002"
"0,967000","0,6056"
"0,968000","0,8126"
"0,969000","0,8067"
"0,970000","0,799"
"0,971000","0,8469"
"0,972000","0,8274"
"0,973000","0,7642"
"0,974000","0,6841"
"0,975000","0,7471"
"0,976000","0,6721"
"0,977000","0,8058"
"0,978000","0,785"
"0,979000","0,7777"
"0,980000","0,7702"
"0,981000","0,8768"
"0,982000","0,8579"
"0,983000","0,8486"
"0,984000","0,9207"
"0,985000","0,8841"
"0,986000","0,9621"
"0,987000","0,9482"
"0,988000","0,9564"
"0,989000","0,9876"
"0,990000","0,9633"
"0,991000","0,9819"
"0,992000","0,9895"
"0,993000","0,9671"
"0,994000","0,9932"
"0,995000","0,9956"
"0,996000","0,992"
"0,997000","0,994"
"0,998000","0,9925"
"0,999000","0,9931"
"1,000000","0,99"
"1,001000","0,9939"
"1,002000","0,9675"
"1,003000","0,992"
"1,004000","0,9879"
"1,005000","0,9921"
"1,006000","0,9923"
"1,007000","0,9945"
"1,008000","0,9889"
"1,009000","0,9807"
"1,010000","0,982"
"1,011000","0,9939"
"1,012000","0,9899"
"1,013000","0,996"
"1,014000","0,9965"
"1,015000","0,9935"
"1,016000","0,996"
"1,017000","0,9945"
"1,018000","0,9973"
"1,019000","0,991"
"1,020000","0,9927"
"1,021000","0,9963"
"1,022000","0,9952"
"1,023000","0,9912"
"1,024000","0,9842"
"1,025000","0,9977"
"1,026000","0,9959"
"1,027000","0,9943"
"1,028000","0,9938"
"1,029000","0,9959"
"1,030000","0,9983"
"1,031000","0,9974"
"1,032000","0,9984"
"1,033000","0,999"
"1,034000","0,9992"
"1,035000","0,9999"
"1,036000","0,9991"
"1,037000",1
"1,038000","0,9998"
"1,039000","0,9998"
"1,040000","0,9999"
"1,041000","0,9997"
"1,042000",1
"1,043000",1
"1,044000",1
"1,045000",1
"1,046000",1
"1,047000",1
"1,048000",1
"1,049000",1
"1,050000",1
"1,051000",1
"1,052000",1
"1,053000",1
"1,054000",1
"1,055000","0,9999"
"1,056000","0,9998"
"1,057000","0,9999"
"1,058000","0,9997"
"1,059000","0,9995"
"1,060000","0,9999"
"1,061000","0,9996"
"1,062000","0,9986"
"1,063000","0,9977"
"1,064000","0,9993"
"1,065000","0,9965"
"1,066000","0,9993"
"1,067000","0,9958"
"1,068000","0,9959"
"1,069000","0,993"
"1,070000","0,9868"
"1,071000","0,9958"
"1,072000","0,9862"
"1,073000","0,9879"
"1,074000","0,9897"
"1,075000","0,9701"
"1,076000","0,9949"
"1,077000","0,9706"
"1,078000","0,9662"
"1,079000","0,9908"
"1,080000","0,9619"
"1,081000","0,9562"
"1,082000","0,9721"
"1,083000","0,9731"
"1,084000","0,9433"
"1,085000","0,9703"
"1,086000","0,8973"
"1,087000","0,9387"
"1,088000","0,9736"
"1,089000","0,9432"
"1,090000","0,9163"
"1,091000","0,9507"
"1,092000","0,943"
"1,093000","0,8696"
"1,094000","0,9366"
"1,095000","0,8768"
"1,096000","0,8473"
"1,097000","0,9469"
"1,098000","0,8331"
"1,099000","0,8321"
"1,100000","0,7789"
"1,101000","0,8114"
"1,102000","0,7628"
"1,103000","0,7602"
"1,104000","0,7682"
"1,105000","0,7707"
"1,106000","0,6493"
"1,107000","0,7825"
"1,108000","0,6484"
"1,109000","0,6776"
"1,110000","0,7134"
"1,111000","0,5678"
"1,112000","0,6589"
"1,113000","0,4129"
"1,114000","0,4552"
"1,115000","0,4214"
"1,116000","0,2746"
"1,117000","0,1478"
"1,118000","0,3629"
"1,119000","0,1856"
"1,120000","0,2192"
"1,121000","0,3177"
"1,122000","0,1043"
"1,123000","0,1859"
"1,124000","0,2702"
"1,125000","0,2467"
"1,126000","0,1121"
"1,127000","0,2665"
"1,128000","0,1663"
"1,129000","0,1756"
"1,130000","0,1778"
"1,131000","0,5098"
"1,132000","0,47"
"1,133000","0,2542"
"1,134000","0,0558"
"1,135000","0,055"
"1,136000","0,2066"
"1,137000","0,4908"
"1,138000","0,4141"
"1,139000","0,5698"
"1,140000","0,482"
"1,141000","0,3685"
"1,142000","0,4246"
"1,143000","0,54"
"1,144000","0,2733"
"1,145000","0,2198"
"1,146000","0,22"
"1,147000","0,1128"
"1,148000","0,4376"
"1,149000","0,38"
"1,150000","0,2519"
"1,151000","0,3869"
"1,152000","0,3356"
"1,153000","0,4083"
"1,154000","0,2983"
"1,155000","0,4633"
"1,156000","0,4634"
"1,157000","0,5544"
"1,158000","0,5167"
"1,159000","0,5365"
"1,160000","0,5411"
"1,161000","0,5922"
"1,162000","0,6203"
"1,163000","0,7689"
"1,164000","0,7356"
"1,165000","0,6628"
"1,166000","0,6351"
"1,167000","0,7226"
"1,168000","0,7575"
"1,169000","0,7771"
"1,170000","0,8"
"1,171000","0,7984"
"1,172000","0,8307"
"1,173000","0,784"
"1,174000","0,6276"
"1,175000","0,8215"
"1,176000","0,8934"
"1,177000","0,8405"
"1,178000","0,7132"
"1,179000","0,8766"
"1,180000","0,8401"
"1,181000","0,8274"
"1,182000","0,5947"
"1,183000","0,8566"
"1,184000","0,8156"
"1,185000","0,7417"
"1,186000","0,8932"
"1,187000","0,8249"
"1,188000","0,6775"
"1,189000","0,8113"
"1,190000","0,8845"
"1,191000","0,83"
"1,192000","0,8884"
"1,193000","0,883"
"1,194000","0,8841"
"1,195000","0,8391"
"1,196000","0,8438"
"1,197000","0,889"
"1,198000","0,8644"
"1,199000","0,7505"
"1,200000","0,8675"
"1,201000","0,8249"
"1,202000","0,8245"
"1,203000","0,8548"
"1,204000","0,7565"
"1,205000","0,8671"
"1,206000","0,94"
"1,207000","0,8634"
"1,208000","0,8684"
"1,209000","0,8696"
"1,210000","0,8933"
"1,211000","0,8826"
"1,212000","0,8179"
"1,213000","0,9084"
"1,214000","0,8539"
"1,215000","0,8379"
"1,216000","0,9279"
"1,217000","0,9092"
"1,218000","0,9382"
"1,219000","0,9311"
"1,220000","0,9371"
"1,221000","0,9365"
"1,222000","0,9135"
"1,223000","0,9235"
"1,224000","0,9301"
"1,225000","0,9499"
"1,226000","0,9555"
"1,227000","0,9059"
"1,228000","0,9696"
"1,229000","0,9604"
"1,230000","0,9623"
"1,231000","0,9861"
"1,232000","0,9839"
"1,233000","0,9579"
"1,234000","0,9894"
"1,235000","0,9921"
"1,236000","0,9922"
"1,237000","0,9854"
"1,238000","0,9959"
"1,239000","0,9975"
"1,240000","0,9972"
"1,241000","0,9912"
"1,242000","0,9989"
"1,243000","0,9999"
"1,244000","0,998"
"1,245000","0,9993"
"1,246000","0,9998"
"1,247000","0,999"
"1,248000","0,9958"
"1,249000","0,9989"
"1,250000","0,9993"
"1,251000","0,9992"
"1,252000","0,9989"
"1,253000","0,9996"
"1,254000","0,9954"
"1,255000","0,9961"
"1,256000","0,9982"
"1,257000","0,999"
"1,258000","0,9969"
"1,259000","0,9984"
"1,260000","0,9968"
"1,261000","0,9953"
"1,262000","0,9979"
"1,263000","0,9952"
"1,264000","0,9956"
"1,265000","0,9983"
"1,266000","0,9993"
"1,267000","0,9942"
"1,268000","0,9959"
"1,269000","0,9975"
"1,270000","0,9988"
"1,271000","0,9927"
"1,272000","0,9912"
"1,273000","0,9913"
"1,274000","0,9922"
"1,275000","0,998"
"1,276000","0,9928"
"1,277000","0,9806"
"1,278000","0,9972"
"1,279000","0,9851"
"1,280000","0,9779"
"1,281000","0,9821"
"1,282000","0,997"
"1,283000","0,9935"
"1,284000","0,9788"
"1,285000","0,9876"
"1,286000","0,9888"
"1,287000","0,9784"
"1,288000","0,966"
"1,289000","0,9449"
"1,290000","0,9723"
"1,291000","0,972"
"1,292000","0,9095"
"1,293000","0,962"
"1,294000","0,9514"
"1,295000","0,9335"
"1,296000","0,9043"
"1,297000","0,8718"
"1,298000","0,9145"
"1,299000","0,9414"
"1,300000","0,8378"
"1,301000","0,8356"
"1,302000","0,9213"
"1,303000","0,8209"
"1,304000","0,7197"
"1,305000","0,8729"
"1,306000","0,8752"
"1,307000","0,7547"
"1,308000","0,8156"
"1,309000","0,8795"
"1,310000","0,7019"
"1,311000","0,8273"
"1,312000","0,8283"
"1,313000","0,6952"
"1,314000","0,6888"
"1,315000","0,6802"
"1,316000","0,8109"
"1,317000","0,7691"
"1,318000","0,8195"
"1,319000","0,6455"
"1,320000","0,628"
"1,321000","0,7035"
"1,322000","0,6961"
"1,323000","0,5776"
"1,324000","0,6323"
"1,325000","0,7557"
"1,326000","0,7097"
"1,327000","0,6406"
"1,328000","0,5821"
"1,329000","0,4284"
"1,330000","0,5122"
"1,331000","0,346"
"1,332000","0,3188"
"1,333000","0,4195"
"1,334000","0,4283"
"1,335000","0,5875"
"1,336000","0,4672"
"1,337000","0,3925"
"1,338000","0,3911"
"1,339000","0,5335"
"1,340000","0,417"
"1,341000","0,4044"
"1,342000","0,4338"
"1,343000","0,3461"
"1,344000","0,1742"
"1,345000","0,2769"
"1,346000","0,1801"
"1,347000","0,1587"
"1,348000","0,0255"
"1,349000","0,0527"
"1,350000","0,0511"
"1,351000","0,0132"
"1,352000","0,0041"
"1,353000","0,0007"
"1,354000","0,0006"
"1,355000",0
"1,356000","0,0003"
"1,357000","0,0003"
"1,358000",0
"1,359000",0
"1,360000",0
"1,361000",0
"1,362000",0
"1,363000",0
"1,364000",0
"1,365000",0
"1,366000","0,0003"
"1,367000","0,0001"
"1,368000",0
"1,369000",0
"1,370000",0
"1,371000",0
"1,372000","0,0001"
"1,373000","0,0006"
"1,374000","0,0016"
"1,375000","0,0052"
"1,376000","0,0048"
"1,377000","0,0062"
"1,378000","0,0189"
"1,379000","0,0005"
"1,380000","0,0006"
"1,381000",0
"1,382000",0
"1,383000",0
"1,384000",0
"1,385000",0
"1,386000","0,0001"
"1,387000","0,0017"
"1,388000","0,0005"
"1,389000","0,0059"
"1,390000","0,0064"
"1,391000","0,0036"
"1,392000","0,0009"
"1,393000","0,0006"
"1,394000","0,0006"
"1,395000",0
"1,396000",0
"1,397000","0,0027"
"1,398000","0,0128"
"1,399000","0,0064"
"1,400000",0
"1,401000",0
"1,402000","0,022"
"1,403000","0,0264"
"1,404000","0,0064"
"1,405000","0,0002"
"1,406000","0,0084"
"1,407000","0,002"
"1,408000","0,0057"
"1,409000","0,0015"
"1,410000","0,0019"
"1,411000","0,0078"
"1,412000","0,0117"
"1,413000","0,082"
"1,414000","0,0089"
"1,415000","0,0014"
"1,416000","0,1158"
"1,417000","0,058"
"1,418000","0,0238"
"1,419000","0,0106"
"1,420000","0,012"
"1,421000","0,026"
"1,422000","0,1089"
"1,423000","0,0351"
"1,424000","0,0437"
"1,425000","0,0566"
"1,426000","0,0885"
"1,427000","0,1181"
"1,428000","0,0068"
"1,429000","0,073"
"1,430000","0,2126"
"1,431000","0,2122"
"1,432000","0,0061"
"1,433000","0,1096"
"1,434000","0,0829"
"1,435000","0,0671"
"1,436000","0,1186"
"1,437000","0,0819"
"1,438000","0,0512"
"1,439000","0,1387"
"1,440000","0,1176"
"1,441000","0,1023"
"1,442000","0,085"
"1,443000","0,1389"
"1,444000","0,1886"
"1,445000","0,1077"
"1,446000","0,0599"
"1,447000","0,1285"
"1,448000","0,3403"
"1,449000","0,3106"
"1,450000","0,0976"
"1,451000","0,0573"
"1,452000","0,1797"
"1,453000","0,248"
"1,454000","0,4277"
"1,455000","0,188"
"1,456000","0,2456"
"1,457000","0,3193"
"1,458000","0,4235"
"1,459000","0,5308"
"1,460000","0,2878"
"1,461000","0,2342"
"1,462000","0,3539"
"1,463000","0,1908"
"1,464000","0,4816"
"1,465000","0,3517"
"1,466000","0,1432"
"1,467000","0,0948"
"1,468000","0,2419"
"1,469000","0,2646"
"1,470000","0,1096"
"1,471000","0,0675"
"1,472000","0,1124"
"1,473000","0,1846"
"1,474000","0,3168"
"1,475000","0,6088"
"1,476000","0,2347"
"1,477000","0,1898"
"1,478000","0,2288"
"1,479000","0,3499"
"1,480000","0,1592"
"1,481000","0,2957"
"1,482000","0,2184"
"1,483000","0,4702"
"1,484000","0,4037"
"1,485000","0,3613"
"1,486000","0,3198"
"1,487000","0,1942"
"1,488000","0,3106"
"1,489000","0,5013"
"1,490000","0,5704"
"1,491000","0,6347"
"1,492000","0,4376"
"1,493000","0,5692"
"1,494000","0,6386"
"1,495000","0,5342"
"1,496000","0,4979"
"1,497000","0,7184"
"1,498000","0,6068"
"1,499000","0,6826"
"1,500000","0,7868"
"1,501000","0,8487"
"1,502000","0,7451"
"1,503000","0,6253"
"1,504000","0,4989"
"1,505000","0,6342"
"1,506000","0,8909"
"1,507000","0,8481"
"1,508000","0,7619"
"1,509000","0,6178"
"1,510000","0,8895"
"1,511000","0,8657"
"1,512000","0,8817"
"1,513000","0,7646"
"1,514000","0,7595"
"1,515000","0,8821"
"1,516000","0,8761"
"1,517000","0,8106"
"1,518000","0,8508"
"1,519000","0,8147"
"1,520000","0,88"
"1,521000","0,9472"
"1,522000","0,9279"
"1,523000","0,9767"
"1,524000","0,9407"
"1,525000","0,9009"
"1,526000","0,9027"
"1,527000","0,9167"
"1,528000","0,9541"
"1,529000","0,9493"
"1,530000","0,9436"
"1,531000","0,9427"
"1,532000","0,9707"
"1,533000","0,9944"
"1,534000","0,9829"
"1,535000","0,9654"
"1,536000","0,9799"
"1,537000","0,9724"
"1,538000","0,9878"
"1,539000","0,9846"
"1,540000","0,9928"
"1,541000","0,9917"
"1,542000","0,9772"
"1,543000","0,9874"
"1,544000","0,9771"
"1,545000","0,99"
"1,546000","0,9862"
"1,547000","0,9937"
"1,548000","0,9936"
"1,549000","0,9988"
"1,550000","0,9971"
"1,551000","0,9946"
"1,552000","0,9828"
"1,553000","0,9963"
"1,554000","0,9946"
"1,555000","0,9968"
"1,556000","0,9968"
"1,557000","0,9968"
"1,558000","0,9974"
"1,559000","0,9965"
"1,560000","0,9959"
"1,561000","0,9972"
"1,562000","0,9918"
"1,563000","0,9922"
"1,564000","0,9932"
"1,565000","0,9964"
"1,566000","0,9947"
"1,567000","0,9964"
"1,568000","0,9948"
"1,569000","0,999"
"1,570000","0,9983"
"1,571000","0,9978"
"1,572000","0,9984"
"1,573000","0,9982"
"1,574000","0,9982"
"1,575000","0,9987"
"1,576000","0,9968"
"1,577000","0,9988"
"1,578000","0,9985"
"1,579000","0,9953"
"1,580000","0,9993"
"1,581000","0,9987"
"1,582000","0,9985"
"1,583000","0,9917"
"1,584000","0,999"
"1,585000","0,9988"
"1,586000","0,9938"
"1,587000","0,9901"
"1,588000","0,998"
"1,589000","0,9999"
"1,590000","0,9964"
"1,591000","0,9949"
"1,592000","0,9921"
"1,593000","0,9968"
"1,594000","0,9935"
"1,595000","0,9949"
"1,596000","0,9944"
"1,597000","0,9896"
"1,598000","0,9955"
"1,599000","0,9977"
"1,600000","0,9999"
"1,601000","0,9978"
"1,602000","0,9928"
"1,603000","0,9993"
"1,604000","0,9993"
"1,605000","0,9999"
"1,606000","0,9996"
"1,607000","0,9996"
"1,608000","0,9954"
"1,609000","0,9975"
"1,610000","0,9975"
"1,611000","0,9973"
"1,612000","0,9999"
"1,613000","0,9962"
"1,614000","0,9968"
"1,615000","0,9993"
"1,616000","0,9975"
"1,617000","0,9956"
"1,618000","0,9987"
"1,619000","0,9941"
"1,620000","0,9999"
"1,621000","0,9999"
"1,622000","0,9995"
"1,623000","0,9997"
"1,624000","0,9991"
"1,625000","0,9968"
"1,626000","0,9994"
"1,627000",1
"1,628000","0,9998"
"1,629000",1
"1,630000","0,9998"
"1,631000","0,9995"
"1,632000","0,9939"
"1,633000","0,9941"
"1,634000","0,9993"
"1,635000","0,995"
"1,636000","0,9988"
"1,637000","0,9982"
"1,638000","0,9996"
"1,639000","0,9927"
"1,640000","0,9904"
"1,641000","0,999"
"1,642000","0,9961"
"1,643000","0,9984"
"1,644000","0,9998"
"1,645000","0,9922"
"1,646000","0,9869"
"1,647000","0,997"
"1,648000","0,9965"
"1,649000","0,9943"
"1,650000","0,9944"
"1,651000","0,9966"
"1,652000","0,9791"
"1,653000","0,9875"
"1,654000","0,9914"
"1,655000","0,9927"
"1,656000","0,9884"
"1,657000","0,9873"
"1,658000","0,9898"
"1,659000","0,9974"
"1,660000","0,9957"
"1,661000","0,9862"
"1,662000","0,9731"
"1,663000","0,9886"
"1,664000","0,9881"
"1,665000","0,9958"
"1,666000","0,9815"
"1,667000","0,994"
"1,668000","0,9981"
"1,669000","0,9778"
"1,670000","0,9913"
"1,671000","0,9892"
"1,672000","0,9926"
"1,673000","0,9954"
"1,674000","0,9901"
"1,675000","0,9857"
"1,676000","0,9794"
"1,677000","0,986"
"1,678000","0,9792"
"1,679000","0,9897"
"1,680000","0,9898"
"1,681000","0,9963"
"1,682000","0,998"
"1,683000","0,9952"
"1,684000","0,9554"
"1,685000","0,993"
"1,686000","0,9949"
"1,687000","0,9808"
"1,688000","0,9942"
"1,689000","0,9905"
"1,690000","0,961"
"1,691000","0,9079"
"1,692000","0,9692"
"1,693000","0,9948"
"1,694000","0,9773"
"1,695000","0,9952"
"1,696000","0,9807"
"1,697000","0,8592"
"1,698000","0,978"
"1,699000","0,9763"
"1,700000","0,9675"
"1,701000","0,9088"
"1,702000","0,9977"
"1,703000","0,9829"
"1,704000","0,9732"
"1,705000","0,9862"
"1,706000","0,9576"
"1,707000","0,9341"
"1,708000","0,8972"
"1,709000","0,8594"
"1,710000","0,9804"
"1,711000","0,9717"
"1,712000","0,9924"
"1,713000","0,9743"
"1,714000","0,8647"
"1,715000","0,9033"
"1,716000","0,896"
"1,717000","0,9807"
"1,718000","0,9935"
"1,719000","0,9961"
"1,720000","0,9771"
"1,721000","0,7984"
"1,722000","0,9119"
"1,723000","0,9242"
"1,724000","0,779"
"1,725000","0,8334"
"1,726000","0,9397"
"1,727000","0,9743"
"1,728000","0,9452"
"1,729000","0,8636"
"1,730000","0,993"
"1,731000","0,9768"
"1,732000","0,6749"
"1,733000","0,8742"
"1,734000","0,9794"
"1,735000","0,9278"
"1,736000","0,7237"
"1,737000","0,8085"
"1,738000","0,9633"
"1,739000","0,9441"
"1,740000","0,8485"
"1,741000","0,7439"
"1,742000","0,8252"
"1,743000","0,9669"
"1,744000","0,8706"
"1,745000","0,8581"
"1,746000","0,8828"
"1,747000","0,4517"
"1,748000","0,8232"
"1,749000","0,9554"
"1,750000","0,9544"
"1,751000","0,8184"
"1,752000","0,8013"
"1,753000","0,9429"
"1,754000","0,9709"
"1,755000","0,6998"
"1,756000","0,8003"
"1,757000","0,5768"
"1,758000","0,797"
"1,759000","0,9805"
"1,760000","0,9553"
"1,761000","0,7488"
"1,762000","0,7999"
"1,763000","0,6374"
"1,764000","0,9144"
"1,765000","0,7605"
"1,766000","0,3526"
"1,767000","0,7818"
"1,768000","0,8103"
"1,769000","0,7753"
"1,770000","0,6203"
"1,771000","0,6706"
"1,772000","0,8602"
"1,773000","0,8012"
"1,774000","0,483"
"1,775000","0,6491"
"1,776000","0,4093"
"1,777000","0,6425"
"1,778000","0,6033"
"1,779000","0,3025"
"1,780000","0,7257"
"1,781000","0,4257"
"1,782000","0,5703"
"1,783000","0,7654"
"1,784000","0,3907"
"1,785000","0,2061"
"1,786000","0,2769"
"1,787000","0,3058"
"1,788000","0,6604"
"1,789000","0,6595"
"1,790000","0,7048"
"1,791000","0,2512"
"1,792000","0,2783"
"1,793000","0,2298"
"1,794000","0,1273"
"1,795000","0,2744"
"1,796000","0,2372"
"1,797000","0,2489"
"1,798000","0,3604"
"1,799000","0,5238"
"1,800000","0,0835"
"1,801000","0,0035"
"1,802000","0,0041"
"1,803000","0,0643"
"1,804000","0,1001"
"1,805000","0,2582"
"1,806000","0,0289"
"1,807000","0,0215"
"1,808000","0,1416"
"1,809000","0,0903"
"1,810000","0,0841"
"1,811000","0,0067"
"1,812000","0,0061"
"1,813000","0,004"
"1,814000","0,0931"
"1,815000","0,0321"
"1,816000","0,0011"
"1,817000","0,0167"
"1,818000","0,0387"
"1,819000","0,0048"
"1,820000","0,0016"
"1,821000",0
"1,822000",0
"1,823000","0,0231"
"1,824000","0,1059"
"1,825000","0,0208"
"1,826000","0,0003"
"1,827000","0,0002"
"1,828000","0,0002"
"1,829000",0
"1,830000",0
"1,831000",0
"1,832000",0
"1,833000","0,0001"
"1,834000","0,0005"
"1,835000",0
"1,836000",0
"1,837000",0
"1,838000",0
"1,839000",0
"1,840000",0
"1,841000",0
"1,842000",0
"1,843000",0
"1,844000","0,0007"
"1,845000","0,0032"
"1,846000","0,0005"
"1,847000",0
"1,848000",0
"1,849000",0
"1,850000",0
"1,851000","0,0005"
"1,852000","0,0011"
"1,853000",0
"1,854000",0
"1,855000",0
"1,856000",0
"1,857000",0
"1,858000",0
"1,859000",0
"1,860000",0
"1,861000","0,0002"
"1,862000","0,0029"
"1,863000","0,0005"
"1,864000","0,0001"
"1,865000","0,0002"
"1,866000","0,0047"
"1,867000","0,0005"
"1,868000",0
"1,869000",0
"1,870000",0
"1,871000",0
"1,872000",0
"1,873000",0
"1,874000",0
"1,875000",0
"1,876000",0
"1,877000",0
"1,878000","0,0001"
"1,879000","0,0041"
"1,880000","0,0082"
"1,881000","0,0002"
"1,882000","0,0111"
"1,883000","0,0075"
"1,884000","0,0002"
"1,885000",0
"1,886000","0,0009"
"1,887000","0,002"
"1,888000","0,0342"
"1,889000","0,0107"
"1,890000","0,0002"
"1,891000",0
"1,892000",0
"1,893000",0
"1,894000","0,0003"
"1,895000","0,0178"
"1,896000","0,0174"
"1,897000","0,0021"
"1,898000","0,0001"
"1,899000",0
"1,900000",0
"1,901000",0
"1,902000",0
"1,903000",0
"1,904000",0
"1,905000",0
"1,906000",0
"1,907000",0
"1,908000","0,0011"
"1,909000","0,0009"
"1,910000","0,0006"
"1,911000",0
"1,912000",0
"1,913000",0
"1,914000",0
"1,915000","0,0001"
"1,916000","0,0001"
"1,917000","0,0028"
"1,918000","0,027"
"1,919000","0,006"
"1,920000",0
"1,921000",0
"1,922000","0,0041"
"1,923000","0,0099"
"1,924000","0,0008"
"1,925000","0,0243"
"1,926000","0,0258"
"1,927000","0,0008"
"1,928000","0,0003"
"1,929000","0,0017"
"1,930000","0,0035"
"1,931000",0
"1,932000","0,0134"
"1,933000","0,012"
"1,934000","0,0027"
"1,935000","0,1042"
"1,936000","0,0286"
"1,937000","0,0067"
"1,938000","0,0039"
"1,939000","0,0013"
"1,940000","0,0082"
"1,941000","0,0044"
"1,942000","0,1111"
"1,943000","0,2091"
"1,944000","0,0354"
"1,945000","0,021"
"1,946000","0,0991"
"1,947000","0,1148"
"1,948000","0,0287"
"1,949000","0,0592"
"1,950000","0,0997"
"1,951000","0,3034"
"1,952000","0,3775"
"1,953000","0,0973"
"1,954000","0,1297"
"1,955000","0,2016"
"1,956000","0,1003"
"1,957000","0,0762"
"1,958000","0,1004"
"1,959000","0,0848"
"1,960000","0,3648"
"1,961000","0,265"
"1,962000","0,2954"
"1,963000","0,1077"
"1,964000","0,2115"
"1,965000","0,4115"
"1,966000","0,3993"
"1,967000","0,7193"
"1,968000","0,398"
"1,969000","0,7204"
"1,970000","0,8511"
"1,971000","0,4721"
"1,972000","0,2452"
"1,973000","0,6374"
"1,974000","0,3662"
"1,975000","0,6073"
"1,976000","0,4891"
"1,977000","0,7845"
"1,978000","0,6954"
"1,979000","0,6994"
"1,980000","0,2187"
"1,981000","0,6117"
"1,982000","0,8143"
"1,983000","0,6227"
"1,984000","0,8833"
"1,985000","0,6998"
"1,986000","0,7931"
"1,987000","0,3675"
"1,988000","0,7042"
"1,989000","0,8006"
"1,990000","0,3325"
"1,991000","0,6151"
"1,992000","0,8471"
"1,993000","0,926"
"1,994000","0,5953"
"1,995000","0,6829"
"1,996000","0,7243"
"1,997000","0,7088"
"1,998000","0,5486"
"1,999000","0,8441"
"2,000000","0,9481"
"2,001000","0,7762"
"2,002000","0,7408"
"2,003000","0,6219"
"2,004000","0,7123"
"2,005000","0,5809"
"2,006000","0,5915"
"2,007000","0,7184"
"2,008000","0,9333"
"2,009000","0,9696"
"2,010000","0,9704"
"2,011000","0,9823"
"2,012000","0,9731"
"2,013000","0,799"
"2,014000","0,7869"
"2,015000","0,7255"
"2,016000","0,8247"
"2,017000","0,6189"
"2,018000","0,6944"
"2,019000","0,8424"
"2,020000","0,8175"
"2,021000","0,7894"
"2,022000","0,9773"
"2,023000","0,8576"
"2,024000","0,8446"
"2,025000","0,8987"
"2,026000","0,9854"
"2,027000","0,9637"
"2,028000","0,716"
"2,029000","0,7746"
"2,030000","0,8942"
"2,031000","0,8873"
"2,032000","0,9559"
"2,033000","0,8412"
"2,034000","0,9033"
"2,035000","0,9855"
"2,036000","0,9937"
"2,037000","0,9955"
"2,038000","0,9278"
"2,039000","0,9509"
"2,040000","0,7403"
"2,041000","0,8904"
"2,042000","0,9824"
"2,043000","0,9286"
"2,044000","0,8383"
"2,045000","0,9148"
"2,046000","0,9887"
"2,047000","0,9944"
"2,048000","0,9956"
"2,049000","0,9834"
"2,050000","0,9361"
"2,051000","0,9403"
"2,052000","0,9456"
"2,053000","0,9439"
"2,054000","0,9245"
"2,055000","0,9413"
"2,056000","0,9544"
"2,057000","0,8844"
"2,058000","0,9052"
"2,059000","0,9506"
"2,060000","0,9378"
"2,061000","0,8428"
"2,062000","0,9367"
"2,063000","0,8921"
"2,064000","0,9766"
"2,065000","0,9675"
"2,066000","0,8955"
"2,067000","0,9728"
"2,068000","0,9553"
"2,069000","0,9273"
"2,070000","0,9078"
"2,071000","0,9191"
"2,072000","0,9591"
"2,073000","0,9693"
"2,074000","0,9831"
"2,075000","0,9413"
"2,076000","0,9856"
"2,077000","0,9146"
"2,078000","0,8434"
"2,079000","0,9816"
"2,080000","0,9984"
"2,081000","0,9855"
"2,082000","0,9602"
"2,083000","0,9609"
"2,084000","0,9538"
"2,085000","0,8975"
"2,086000","0,9733"
"2,087000","0,9885"
"2,088000","0,9864"
"2,089000","0,9786"
"2,090000","0,9433"
"2,091000","0,9936"
"2,092000","0,9815"
"2,093000","0,9548"
"2,094000","0,8822"
"2,095000","0,9877"
"2,096000","0,9954"
"2,097000","0,9852"
"2,098000","0,9161"
"2,099000","0,8381"
"2,100000","0,9431"
"2,101000","0,9172"
"2,102000","0,8407"
"2,103000","0,9919"
"2,104000","0,9922"
"2,105000","0,9705"
"2,106000","0,9844"
"2,107000","0,9878"
"2,108000","0,9979"
"2,109000","0,9845"
"2,110000","0,9535"
"2,111000","0,9858"
"2,112000","0,8751"
"2,113000","0,974"
"2,114000","0,9954"
"2,115000","0,9773"
"2,116000","0,9743"
"2,117000","0,9872"
"2,118000","0,9287"
"2,119000","0,8852"
"2,120000","0,9051"
"2,121000","0,9683"
"2,122000","0,9937"
"2,123000","0,998"
"2,124000","0,9363"
"2,125000","0,8953"
"2,126000","0,9965"
"2,127000","0,9405"
"2,128000","0,8629"
"2,129000","0,9937"
"2,130000","0,9964"
"2,131000","0,9971"
"2,132000","0,9965"
"2,133000","0,9958"
"2,134000","0,9982"
"2,135000","0,9913"
"2,136000","0,936"
"2,137000","0,9945"
"2,138000","0,9954"
"2,139000","0,9867"
"2,140000","0,9927"
"2,141000","0,9984"
"2,142000","0,998"
"2,143000","0,999"
"2,144000","0,9938"
"2,145000","0,9918"
"2,146000","0,9919"
"2,147000","0,9986"
"2,148000","0,9803"
"2,149000","0,9922"
"2,150000","0,9577"
"2,151000","0,9128"
"2,152000","0,8369"
"2,153000","0,8767"
"2,154000","0,9277"
"2,155000","0,9662"
"2,156000","0,9843"
"2,157000","0,993"
"2,158000","0,9703"
"2,159000","0,9042"
"2,160000","0,9502"
"2,161000","0,9819"
"2,162000","0,9807"
"2,163000","0,8394"
"2,164000","0,8452"
"2,165000","0,9941"
"2,166000","0,9803"
"2,167000","0,9794"
"2,168000","0,9484"
"2,169000","0,8669"
"2,170000","0,9878"
"2,171000","0,9986"
"2,172000","0,9982"
"2,173000","0,9758"
"2,174000","0,8871"
"2,175000","0,9271"
"2,176000","0,8871"
"2,177000","0,9632"
"2,178000","0,9965"
"2,179000","0,8981"
"2,180000","0,9711"
"2,181000","0,9912"
"2,182000","0,99"
"2,183000","0,8234"
"2,184000","0,8639"
"2,185000","0,7263"
"2,186000","0,9718"
"2,187000","0,9105"
"2,188000","0,8447"
"2,189000","0,978"
"2,190000","0,9479"
"2,191000","0,9335"
"2,192000","0,9971"
"2,193000","0,9969"
"2,194000","0,9272"
"2,195000","0,8512"
"2,196000","0,9609"
"2,197000","0,9307"
"2,198000","0,8052"
"2,199000","0,875"
"2,200000","0,9441"
"2,201000","0,9667"
"2,202000","0,994"
"2,203000","0,9956"
"2,204000","0,9049"
"2,205000","0,8259"
"2,206000","0,9573"
"2,207000","0,9185"
"2,208000","0,9556"
"2,209000","0,9889"
"2,210000","0,9678"
"2,211000","0,9805"
"2,212000","0,9988"
"2,213000","0,9934"
"2,214000","0,9789"
"2,215000","0,9003"
"2,216000","0,871"
"2,217000","0,9935"
"2,218000","0,9843"
"2,219000","0,9916"
"2,220000","0,9777"
"2,221000","0,9982"
"2,222000","0,9947"
"2,223000","0,972"
"2,224000","0,9906"
"2,225000","0,9377"
"2,226000","0,9672"
"2,227000","0,9931"
"2,228000","0,9996"
"2,229000","0,9979"
"2,230000","0,9988"
"2,231000","0,9998"
"2,232000","0,9999"
"2,233000","0,9968"
"2,234000","0,9945"
"2,235000","0,9941"
"2,236000","0,9568"
"2,237000","0,9952"
"2,238000","0,9991"
"2,239000","0,9987"
"2,240000","0,9999"
"2,241000",1
"2,242000",1
"2,243000","0,9999"
"2,244000","0,9906"
"2,245000","0,9977"
"2,246000","0,9923"
"2,247000","0,9799"
"2,248000","0,9999"
"2,249000",1
"2,250000",1
"2,251000","0,9995"
"2,252000","0,9993"
"2,253000","0,9999"
"2,254000","0,9998"
"2,255000","0,9944"
"2,256000","0,9979"
"2,257000","0,9986"
"2,258000","0,9912"
"2,259000","0,9967"
"2,260000","0,9996"
"2,261000","0,9992"
"2,262000","0,9994"
"2,263000","0,9988"
"2,264000","0,9997"
"2,265000","0,9998"
"2,266000",1
"2,267000",1
"2,268000","0,9995"
"2,269000","0,9986"
"2,270000","0,9972"
"2,271000","0,9999"
"2,272000","0,9996"
"2,273000","0,9988"
"2,274000","0,9998"
"2,275000","0,999"
"2,276000","0,9999"
"2,277000","0,9999"
"2,278000",1
"2,279000","0,9994"
"2,280000","0,9997"
"2,281000","0,9992"
"2,282000","0,997"
"2,283000","0,9995"
"2,284000","0,9992"
"2,285000","0,9999"
"2,286000",1
"2,287000",1
"2,288000","0,9996"
"2,289000","0,9978"
"2,290000","0,9995"
"2,291000","0,9995"
"2,292000","0,9993"
"2,293000","0,9987"
"2,294000","0,9995"
"2,295000","0,999"
"2,296000","0,9985"
"2,297000","0,9987"
"2,298000","0,9991"
"2,299000","0,9852"
"2,300000","0,9906"
"2,301000","0,9742"
"2,302000","0,9771"
"2,303000","0,9841"
"2,304000","0,9728"
"2,305000","0,989"
"2,306000","0,9781"
"2,307000","0,9794"
"2,308000","0,9963"
"2,309000","0,9644"
"2,310000","0,9364"
"2,311000","0,9695"
"2,312000","0,9478"
"2,313000","0,9964"
"2,314000","0,9907"
"2,315000","0,955"
"2,316000","0,9471"
"2,317000","0,9357"
"2,318000","0,9239"
"2,319000","0,9859"
"2,320000","0,9792"
"2,321000","0,9529"
"2,322000","0,7316"
"2,323000","0,6457"
"2,324000","0,8293"
"2,325000","0,9895"
"2,326000","0,9919"
"2,327000","0,9871"
"2,328000","0,8873"
"2,329000","0,9629"
"2,330000","0,9578"
"2,331000","0,8678"
"2,332000","0,9543"
"2,333000","0,9758"
"2,334000","0,9878"
"2,335000","0,8819"
"2,336000","0,9436"
"2,337000","0,9946"
"2,338000","0,9284"
"2,339000","0,8204"
"2,340000","0,7309"
"2,341000","0,7532"
"2,342000","0,6699"
"2,343000","0,971"
"2,344000","0,966"
"2,345000","0,8071"
"2,346000","0,9195"
"2,347000","0,8724"
"2,348000","0,912"
"2,349000","0,9183"
"2,350000","0,8059"
"2,351000","0,7645"
"2,352000","0,317"
"2,353000","0,7181"
"2,354000","0,9339"
"2,355000","0,9561"
"2,356000","0,9477"
"2,357000","0,7837"
"2,358000","0,788"
"2,359000","0,8212"
"2,360000","0,9466"
"2,361000","0,9577"
"2,362000","0,9584"
"2,363000","0,8648"
"2,364000","0,5207"
"2,365000","0,9385"
"2,366000","0,9803"
"2,367000","0,7903"
"2,368000","0,7724"
"2,369000","0,5937"
"2,370000","0,8182"
"2,371000","0,398"
"2,372000","0,6417"
"2,373000","0,8133"
"2,374000","0,9268"
"2,375000","0,9668"
"2,376000","0,7051"
"2,377000","0,69"
"2,378000","0,4092"
"2,379000","0,6869"
"2,380000","0,733"
"2,381000","0,7339"
"2,382000","0,8333"
"2,383000","0,449"
"2,384000","0,2547"
"2,385000","0,6973"
"2,386000","0,4317"
"2,387000","0,7906"
"2,388000","0,4836"
"2,389000","0,74"
"2,390000","0,8852"
"2,391000","0,5727"
"2,392000","0,4236"
"2,393000","0,8543"
"2,394000","0,8412"
"2,395000","0,7669"
"2,396000","0,7939"
"2,397000","0,3346"
"2,398000","0,6742"
"2,399000","0,8866"
"2,400000","0,7052"
"2,401000","0,7609"
"2,402000","0,8464"
"2,403000","0,8641"
"2,404000","0,3887"
"2,405000","0,5984"
"2,406000","0,631"
"2,407000","0,3163"
"2,408000","0,4551"
"2,409000","0,7477"
"2,410000","0,413"
"2,411000","0,7318"
"2,412000","0,436"
"2,413000","0,6765"
"2,414000","0,3249"
"2,415000","0,4244"
"2,416000","0,1476"
"2,417000","0,5135"
"2,418000","0,3881"
"2,419000","0,0408"
"2,420000","0,4334"
"2,421000","0,7663"
"2,422000","0,6068"
"2,423000","0,7805"
"2,424000","0,4008"
"2,425000","0,5811"
"2,426000","0,5135"
"2,427000","0,6042"
"2,428000","0,9116"
"2,429000","0,8187"
"2,430000","0,8044"
"2,431000","0,8653"
"2,432000","0,7747"
"2,433000","0,3391"
"2,434000","0,3956"
"2,435000","0,076"
"2,436000","0,0073"
"2,437000","0,3161"
"2,438000","0,7307"
"2,439000","0,8456"
"2,440000","0,8884"
"2,441000","0,9063"
"2,442000","0,7447"
"2,443000","0,4231"
"2,444000","0,6983"
"2,445000","0,4548"
"2,446000","0,0386"
"2,447000","0,0608"
"2,448000","0,2026"
"2,449000","0,5503"
"2,450000","0,1429"
"2,451000","0,0154"
"2,452000","0,1528"
"2,453000","0,4207"
"2,454000","0,1615"
"2,455000","0,2711"
"2,456000","0,6691"
"2,457000","0,7345"
"2,458000","0,878"
"2,459000","0,7761"
"2,460000","0,7611"
"2,461000","0,6795"
"2,462000","0,2681"
"2,463000","0,072"
"2,464000","0,3355"
"2,465000","0,6595"
"2,466000","0,6177"
"2,467000","0,6136"
"2,468000","0,225"
"2,469000","0,4798"
"2,470000","0,529"
"2,471000","0,2464"
"2,472000","0,0143"
"2,473000","0,0105"
"2,474000","0,2825"
"2,475000","0,3227"
"2,476000","0,4422"
"2,477000","0,5135"
"2,478000","0,1815"
"2,479000","0,2198"
"2,480000","0,121"
"2,481000","0,0223"
"2,482000","0,1223"
"2,483000","0,1218"
"2,484000","0,0117"
"2,485000","0,0875"
"2,486000","0,2028"
"2,487000","0,0371"
"2,488000","0,0053"
"2,489000","0,0279"
"2,490000","0,1002"
"2,491000","0,0613"
"2,492000","0,0211"
"2,493000","0,0218"
"2,494000","0,0137"
"2,495000","0,0082"
"2,496000","0,0927"
"2,497000","0,1045"
"2,498000","0,1574"
"2,499000","0,2775"
"2,500000","0,1429"
"2,501000","0,2619"
"2,502000","0,1038"
"2,503000","0,0087"
"2,504000","0,0114"
"2,505000","0,0144"
"2,506000","0,002"
"2,507000","0,1216"
"2,508000","0,3143"
"2,509000","0,0406"
"2,510000","0,0492"
"2,511000","0,0014"
"2,512000","0,0048"
"2,513000","0,0233"
"2,514000","0,0889"
"2,515000","0,0028"
"2,516000",0
"2,517000",0
"2,518000","0,0011"
"2,519000","0,0017"
"2,520000","0,0103"
"2,521000","0,08"
"2,522000","0,0247"
"2,523000","0,0049"
"2,524000","0,0013"
"2,525000","0,0002"
"2,526000","0,0001"
"2,527000",0
"2,528000",0
"2,529000",0
"2,530000",0
"2,531000",0
"2,532000",0
"2,533000",0
"2,534000",0
"2,535000",0
"2,536000",0
"2,537000",0
"2,538000",0
"2,539000",0
"2,540000","0,0008"
"2,541000","0,0001"
"2,542000",0
"2,543000",0
"2,544000",0
"2,545000",0
"2,546000",0
"2,547000",0
"2,548000",0
"2,549000",0
"2,550000",0
"2,551000",0
"2,552000",0
"2,553000",0
"2,554000",0
"2,555000",0
"2,556000","0,0001"
"2,557000",0
"2,558000",0
"2,559000",0
"2,560000",0
"2,561000",0
"2,562000",0
"2,563000",0
"2,564000",0
"2,565000",0
"2,566000",0
"2,567000",0
"2,568000",0
"2,569000",0
"2,570000",0
"2,571000",0
"2,572000",0
"2,573000",0
"2,574000",0
"2,575000",0
"2,576000",0
"2,577000",0
"2,578000",0
"2,579000",0
"2,580000",0
"2,581000",0
"2,582000",0
"2,583000",0
"2,584000",0
"2,585000",0
"2,586000",0
"2,587000",0
"2,588000",0
"2,589000",0
"2,590000",0
"2,591000",0
"2,592000",0
"2,593000",0
"2,594000",0
"2,595000",0
"2,596000",0
"2,597000",0
"2,598000",0
"2,599000",0
"2,600000",0
"2,601000",0
"2,602000",0
"2,603000",0
"2,604000",0
"2,605000",0
"2,606000",0
"2,607000",0
"2,608000",0
"2,609000",0
"2,610000",0
"2,611000",0
"2,612000",0
"2,613000",0
"2,614000",0
"2,615000",0
"2,616000",0
"2,617000",0
"2,618000",0
"2,619000",0
"2,620000",0
"2,621000",0
"2,622000",0
"2,623000",0
"2,624000",0
"2,625000",0
"2,626000",0
"2,627000",0
"2,628000",0
"2,629000",0
"2,630000",0
"2,631000",0
"2,632000",0
"2,633000",0
"2,634000",0
"2,635000",0
"2,636000",0
"2,637000",0
"2,638000",0
"2,639000",0
"2,640000",0
"2,641000",0
"2,642000",0
"2,643000",0
"2,644000",0
"2,645000",0
"2,646000",0
"2,647000",0
"2,648000",0
"2,649000",0
"2,650000",0
"2,651000",0
"2,652000",0
"2,653000",0
"2,654000",0
"2,655000",0
"2,656000",0
"2,657000",0
"2,658000",0
"2,659000",0
"2,660000",0
"2,661000",0
"2,662000",0
"2,663000",0
"2,664000",0
"2,665000",0
"2,666000",0
"2,667000",0
"2,668000",0
"2,669000",0
"2,670000",0
"2,671000",0
"2,672000",0
"2,673000",0
"2,674000",0
"2,675000",0
"2,676000",0
"2,677000",0
"2,678000",0
"2,679000",0
"2,680000",0
"2,681000",0
"2,682000",0
"2,683000",0
"2,684000",0
"2,685000",0
"2,686000",0
"2,687000",0
"2,688000",0
"2,689000",0
"2,690000",0
"2,691000",0
"2,692000",0
"2,693000",0
"2,694000",0
"2,695000",0
"2,696000",0
"2,697000",0
"2,698000",0
"2,699000",0
"2,700000",0
"2,701000",0
"2,702000",0
"2,703000",0
"2,704000",0
"2,705000",0
"2,706000",0
"2,707000",0
"2,708000",0
"2,709000",0
"2,710000",0
"2,711000",0
"2,712000",0
"2,713000",0
"2,714000",0
"2,715000",0
"2,716000",0
"2,717000",0
"2,718000",0
"2,719000",0
"2,720000",0
"2,721000",0
"2,722000",0
"2,723000",0
"2,724000",0
"2,725000",0
"2,726000",0
"2,727000",0
"2,728000",0
"2,729000",0
"2,730000",0
"2,731000",0
"2,732000",0
"2,733000",0
"2,734000",0
"2,735000",0
"2,736000",0
"2,737000",0
"2,738000",0
"2,739000",0
"2,740000",0
"2,741000",0
"2,742000",0
"2,743000",0
"2,744000",0
"2,745000",0
"2,746000",0
"2,747000",0
"2,748000",0
"2,749000",0
"2,750000",0
"2,751000",0
"2,752000",0
"2,753000",0
"2,754000",0
"2,755000",0
"2,756000",0
"2,757000",0
"2,758000",0
"2,759000",0
"2,760000",0
"2,761000",0
"2,762000",0
"2,763000",0
"2,764000",0
"2,765000",0
"2,766000",0
"2,767000",0
"2,768000",0
"2,769000",0
"2,770000",0
"2,771000",0
"2,772000",0
"2,773000",0
"2,774000",0
"2,775000",0
"2,776000",0
"2,777000",0
"2,778000",0
"2,779000",0
"2,780000",0
"2,781000",0
"2,782000",0
"2,783000",0
"2,784000",0
"2,785000",0
"2,786000",0
"2,787000",0
"2,788000",0
"2,789000",0
"2,790000",0
"2,791000",0
"2,792000",0
"2,793000",0
"2,794000",0
"2,795000",0
"2,796000",0
"2,797000",0
"2,798000",0
"2,799000",0
"2,800000",0
"2,801000",0
"2,802000",0
"2,803000",0
"2,804000",0
"2,805000",0
"2,806000",0
"2,807000",0
"2,808000",0
"2,809000",0
"2,810000",0
"2,811000",0
"2,812000",0
"2,813000",0
"2,814000",0
"2,815000",0
"2,816000",0
"2,817000",0
"2,818000",0
"2,819000",0
"2,820000",0
"2,821000",0
"2,822000",0
"2,823000",0
"2,824000","0,0001"
"2,825000",0
"2,826000",0
"2,827000",0
"2,828000",0
"2,829000","0,0007"
"2,830000","0,0037"
"2,831000","0,002"
"2,832000",0
"2,833000",0
"2,834000",0
"2,835000",0
"2,836000",0
"2,837000",0
"2,838000",0
"2,839000",0
"2,840000",0
"2,841000",0
"2,842000",0
"2,843000","0,0006"
"2,844000","0,0145"
"2,845000","0,0185"
"2,846000","0,0001"
"2,847000",0
"2,848000",0
"2,849000",0
"2,850000",0
"2,851000","0,0001"
"2,852000",0
"2,853000",0
"2,854000",0
"2,855000",0
"2,856000",0
"2,857000",0
"2,858000","0,0006"
"2,859000","0,0001"
"2,860000",0
"2,861000",0
"2,862000","0,0043"
"2,863000","0,0194"
"2,864000","0,0074"
"2,865000","0,0205"
"2,866000","0,0088"
"2,867000","0,0002"
"2,868000","0,0001"
"2,869000","0,0001"
"2,870000","0,0001"
"2,871000",0
"2,872000",0
"2,873000",0
"2,874000","0,0034"
"2,875000","0,0381"
"2,876000","0,0435"
"2,877000","0,0081"
"2,878000","0,0003"
"2,879000","0,0015"
"2,880000","0,0173"
"2,881000","0,0131"
"2,882000","0,0173"
"2,883000","0,0263"
"2,884000","0,0078"
"2,885000","0,0031"
"2,886000","0,0299"
"2,887000","0,0073"
"2,888000",0
"2,889000",0
"2,890000","0,0032"
"2,891000","0,0135"
"2,892000","0,0112"
"2,893000","0,0139"
"2,894000","0,0897"
"2,895000","0,2051"
"2,896000","0,1406"
"2,897000","0,2121"
"2,898000","0,124"
"2,899000","0,014"
"2,900000","0,0003"
"2,901000",0
"2,902000",0
"2,903000","0,0005"
"2,904000","0,0008"
"2,905000",0
"2,906000","0,0018"
"2,907000","0,0033"
"2,908000","0,0155"
"2,909000","0,0221"
"2,910000","0,0326"
"2,911000","0,2738"
"2,912000","0,1365"
"2,913000","0,0079"
"2,914000","0,0047"
"2,915000","0,0259"
"2,916000","0,1089"
"2,917000","0,028"
"2,918000","0,0573"
"2,919000","0,2026"
"2,920000","0,1855"
"2,921000","0,0173"
"2,922000","0,0005"
"2,923000",0
"2,924000",0
"2,925000","0,0021"
"2,926000","0,045"
"2,927000","0,116"
"2,928000","0,2343"
"2,929000","0,1179"
"2,930000","0,039"
"2,931000","0,2259"
"2,932000","0,4689"
"2,933000","0,1736"
"2,934000","0,2634"
"2,935000","0,2168"
"2,936000","0,3776"
"2,937000","0,2201"
"2,938000","0,0071"
"2,939000","0,0123"
"2,940000","0,0332"
"2,941000","0,1175"
"2,942000","0,0417"
"2,943000","0,0052"
"2,944000","0,0027"
"2,945000","0,0571"
"2,946000","0,0742"
"2,947000","0,0101"
"2,948000","0,0012"
"2,949000","0,1002"
"2,950000","0,2483"
"2,951000","0,3123"
"2,952000","0,1784"
"2,953000","0,0537"
"2,954000","0,0002"
"2,955000","0,001"
"2,956000","0,0345"
"2,957000","0,2864"
"2,958000","0,213"
"2,959000","0,0759"
"2,960000","0,085"
"2,961000","0,2507"
"2,962000","0,2054"
"2,963000","0,0954"
"2,964000","0,2876"
"2,965000","0,6088"
"2,966000","0,3466"
"2,967000","0,0732"
"2,968000","0,0214"
"2,969000","0,0018"
"2,970000","0,001"
"2,971000",0
"2,972000",0
"2,973000","0,002"
"2,974000","0,0024"
"2,975000","0,0043"
"2,976000","0,0028"
"2,977000","0,0837"
"2,978000","0,1159"
"2,979000","0,0006"
"2,980000","0,0039"
"2,981000","0,0178"
"2,982000","0,0623"
"2,983000","0,2934"
"2,984000","0,154"
"2,985000","0,2443"
"2,986000","0,4678"
"2,987000","0,1572"
"2,988000","0,4114"
"2,989000","0,3902"
"2,990000","0,7156"
"2,991000","0,438"
"2,992000","0,1738"
"2,993000","0,1818"
"2,994000","0,1586"
"2,995000","0,1264"
"2,996000","0,1623"
"2,997000","0,0072"
"2,998000","0,0186"
"2,999000","0,0817"
"3,000000","0,255"
